suite,name,unit,pairs,before,after,change,ci_low,ci_high,status,delta,delta_low,delta_high,repeat_pairs,repeat_before,repeat_after,repeat_change,repeat_ci_low,repeat_ci_high,repeat_status,repeat_delta,repeat_delta_low,repeat_delta_high
construction,subgraph/100000/threads=1,seconds,10,0.389680539,0.408197343,-3.5947730693477884,-19.933077246605723,16.077494425206332,inconclusive,-0.013518802300000021,-0.0949547607211914,0.06791715612119135,,,,,,,,,,
construction,subgraph-small/100000/threads=1,seconds,10,0.0001399565,7.323e-06,-94.58472623994211,-96.89539628419774,-90.55428886234083,improved,-0.0001683152,-0.0002540509526240531,-8.257944737594691e-05,,,,,,,,,,
construction,random/1000/threads=1,seconds,10,0.000421116,0.000413229,1.3208815221582029,-16.55544739648053,23.02685690227106,inconclusive,9.566800000000003e-06,-8.488735558150442e-05,0.00010402095558150441,,,,,,,,,,
construction,chain/1000/threads=1,seconds,10,0.000349375,0.000415434,11.031114468208614,-8.173088514409327,34.251584645607075,inconclusive,4.1302999999999994e-05,-3.5171836314289704e-05,0.00011777783631428969,,,,,,,,,,
construction,parallel/1000/threads=1,seconds,10,0.00028190400000000003,0.0002459135,-17.46848482828864,-41.415408276379715,16.26693634176448,inconclusive,-8.67748e-05,-0.00026353818573387274,8.998858573387277e-05,,,,,,,,,,
construction,self/1000/threads=1,seconds,10,0.00025513049999999996,0.00024901649999999997,-4.984512899249441,-18.800257566195295,11.181914109550474,inconclusive,-7.670500000000002e-06,-8.046528490881904e-05,6.512428490881903e-05,,,,,,,,,,
construction,typed/1000/threads=1,seconds,10,0.0005108420000000001,0.0004926715,-0.7502111857558552,-15.999863077761534,17.26791098913321,inconclusive,-1.5476600000000007e-05,-0.00011419428319195754,8.324108319195751e-05,,,,,,,,,,
construction,explicit/1000/threads=1,seconds,10,0.0006068435,0.0006490295,2.7205025229675894,-13.859013801526388,22.491070792476716,inconclusive,1.2567500000000022e-05,-0.00010440706951519269,0.00012954206951519274,,,,,,,,,,
construction,nodes/1000/threads=1,seconds,10,0.0002015915,0.000185585,-12.844604758376835,-42.153846111536446,31.314917399174863,inconclusive,-3.5736e-05,-0.00015925270967522633,8.778070967522633e-05,,,,,,,,,,
construction,duplicates/1000/threads=1,seconds,10,7.67185e-05,7.604549999999999e-05,-2.5033467784969896,-10.516564514131721,6.227452464039448,inconclusive,-2.3076000000000035e-06,-9.966402802976816e-06,5.35120280297681e-06,,,,,,,,,,
construction,stale/1000/threads=1,seconds,10,6.52985e-05,6.448350000000001e-05,-4.9597523963380015,-11.633398925614848,2.2179030849210335,inconclusive,-3.726200000000005e-06,-9.106632223588662e-06,1.6542322235886522e-06,,,,,,,,,,
construction,neighbors/1000/threads=1,seconds,10,2.5873e-05,2.7686e-05,9.248583937222284,2.1550671158144965,16.834665467520615,regression,2.345100000000001e-06,6.22966093840594e-07,4.067233906159408e-06,40,2.7033499999999998e-05,2.8063e-05,8.617428191324956,2.3235148144069013,15.298479809809463,regression,2.46695e-06,3.186092559375723e-07,4.615290744062428e-06
construction,subgraph/1000/threads=1,seconds,10,0.000603061,0.0005404175,-8.644682654547896,-20.150574139056342,4.519148601297552,inconclusive,-5.0451499999999996e-05,-0.00013593258271869248,3.50295827186925e-05,,,,,,,,,,
construction,subgraph-small/1000/threads=1,seconds,10,2.538e-06,1.895e-06,-21.13003074822179,-34.580483135914655,-4.914124286487722,improved,-5.164e-07,-9.904007376236745e-07,-4.23992623763256e-08,,,,,,,,,,
construction,concurrent/1000/threads=1,seconds,10,0.002658308,0.0030738165,2.4638017699825854,-20.50361837354989,32.06677408906251,inconclusive,3.8361700000000057e-05,-0.000764026165095997,0.000840749565095997,,,,,,,,,,
construction,concurrent/1000/threads=2,seconds,10,0.002720256,0.0025788290000000004,3.2323041938220776,-22.878134142776386,38.182712654995186,inconclusive,5.3918000000000455e-06,-0.0007660201829717308,0.0007768037829717309,,,,,,,,,,
construction,random/20000/threads=1,seconds,10,0.026162302499999998,0.028591309000000002,-3.3940771655207467,-26.680215481991993,27.287667142681837,inconclusive,-0.0016394401000000003,-0.009301201932332916,0.006022321732332915,,,,,,,,,,
construction,chain/20000/threads=1,seconds,10,0.0139704175,0.0127317835,-7.966714230446064,-21.76426869080637,8.264159455042233,inconclusive,-0.0014820392000000004,-0.004088159274269652,0.0011240808742696516,,,,,,,,,,
construction,parallel/20000/threads=1,seconds,10,0.0073035545,0.007370263,3.4844623175410248,-5.509140873163314,13.334073159136484,inconclusive,0.0002663580999999999,-0.0003856639504518485,0.0009183801504518482,,,,,,,,,,
construction,self/20000/threads=1,seconds,10,0.006623485,0.0070540795,0.5616480828527796,-16.500160177567324,21.10975406233908,inconclusive,-2.3856699999999856e-05,-0.0014003197420526874,0.0013526063420526877,,,,,,,,,,
construction,typed/20000/threads=1,seconds,10,0.027646856,0.025860751,-5.364343983529484,-14.216398261644208,4.401158358723276,inconclusive,-0.0009777668999999996,-0.0035507312012062905,0.0015951974012062913,,,,,,,,,,
construction,explicit/20000/threads=1,seconds,10,0.0229417975,0.024294866,3.7226782495947326,-7.213054669269909,15.947280567559341,inconclusive,0.001466157600000001,-0.002181624001465058,0.00511393920146506,,,,,,,,,,
construction,nodes/20000/threads=1,seconds,10,0.0050125325,0.005144135,-0.5384010938780134,-18.095023413993747,20.781545509317347,inconclusive,-4.9937599999999886e-05,-0.0012276390665128636,0.0011277638665128638,,,,,,,,,,
construction,duplicates/20000/threads=1,seconds,10,0.0036816365,0.003532299,-0.5437399082815607,-17.629117777932024,20.085489005258005,inconclusive,-1.8129100000000053e-05,-0.0007616170058291995,0.0007253588058291994,,,,,,,,,,
construction,stale/20000/threads=1,seconds,10,0.0022249015000000002,0.001709678,-10.701271194160602,-32.19778774377773,17.610660492970062,inconclusive,-0.00022686019999999997,-0.0009488008307871611,0.0004950804307871611,,,,,,,,,,
construction,neighbors/20000/threads=1,seconds,10,0.001784828,0.0017314564999999999,-5.3248514879616575,-24.481774903618618,18.691663295010567,inconclusive,-9.436280000000002e-05,-0.0005297951207794279,0.0003410695207794279,,,,,,,,,,
construction,subgraph/20000/threads=1,seconds,10,0.028089091,0.0309153755,6.145458628477154,-7.56236989447277,21.886058465448073,inconclusive,0.0018556871000000002,-0.002824933242516721,0.006536307442516722,,,,,,,,,,
construction,subgraph-small/20000/threads=1,seconds,10,1.91515e-05,4.852e-06,-73.5732068100355,-75.72313502542167,-71.23288369250058,improved,-1.40828e-05,-1.4500973387968422e-05,-1.3664626612031578e-05,,,,,,,,,,
construction,concurrent/20000/threads=1,seconds,10,0.2323433905,0.21439668350000002,-5.6172823431858685,-19.196983549226612,10.244614416255898,inconclusive,-0.0165060932,-0.05147589779765706,0.018463711397657057,,,,,,,,,,
construction,concurrent/20000/threads=2,seconds,10,0.08714747349999999,0.0844806285,-3.709944882754517,-11.76646325668372,5.082206343547855,inconclusive,-0.0034878053000000006,-0.011403520588758482,0.00442790998875848,,,,,,,,,,
traversal,create_nodes/1000/false,seconds,12,0.00035195278116737096,0.0003554995006834218,0.5877344498435497,-18.229112960684418,23.73465285863345,inconclusive,-8.90636243400878e-07,-8.46963993041613e-05,8.291512681735955e-05,12,0.00026630157882674173,0.00025157714667799376,-8.478292932726458,-27.925409558593344,16.21603138095268,inconclusive,-3.3014327347906275e-05,-0.00013215983945188102,6.613118475606847e-05
traversal,create_nodes/1000/true,seconds,12,0.00028704440289855076,0.0002750870584693085,6.129476127384679,-23.040316733708572,46.35540616896673,inconclusive,4.576167738851867e-05,-0.00011124491160742278,0.0002027682663844601,12,0.00021546494878856625,0.0002023157220483142,-4.858720835987853,-19.79777944764306,12.86299729139458,inconclusive,-1.0627393605693194e-05,-6.21139587230709e-05,4.08591715116845e-05
traversal,duplicate_nodes/1000/control,seconds,12,0.00013397899444245572,0.00014216190230335868,6.386811728229361,-18.833266424156612,39.44325724432253,inconclusive,8.05911536429379e-06,-3.280740666317769e-05,4.892563739176526e-05,12,9.775380690751982e-05,0.00010251271124136947,9.63927075435152,-4.841567057423768,26.323745776687872,inconclusive,1.1573563432065744e-05,-9.460760330809207e-06,3.26078871949407e-05
traversal,create_edges/1000/chain,seconds,12,0.0004663344019607843,0.0003724693034625735,-12.237142703374152,-29.308307366805952,8.956495932751304,inconclusive,-6.354984155226417e-05,-0.0001612030210548862,3.410333795035788e-05,12,0.00030267362653508775,0.0002962932973398808,-3.860636220340128,-18.4683357331936,13.364265909149909,inconclusive,-1.6304864021050587e-05,-8.289419311007305e-05,5.028446506797188e-05
traversal,bfs/1000/chain/None,seconds,12,3.875795194051976e-05,3.7090811957659744e-05,-5.2375457894816995,-24.761447535583553,19.352678033612754,inconclusive,-2.6586184201482098e-06,-1.2699494255277302e-05,7.382257414980883e-06,12,2.864096803180309e-05,2.9525832242236476e-05,0.6319762481415534,-17.696121052349547,23.041523353324493,inconclusive,-2.7883911645415755e-06,-1.5777345745215808e-05,1.0200563416132656e-05
traversal,dfs/1000/chain/None,seconds,12,4.7751431149617646e-05,4.095659437644941e-05,-7.892594944320429,-22.968734169552782,10.134164025872048,inconclusive,-3.4576414643672885e-06,-1.2287393742274666e-05,5.37211081354009e-06,12,3.0873307906458265e-05,2.985503128523147e-05,1.8833435043686717,-9.824909771481789,15.111785941372972,inconclusive,6.953736055510368e-07,-4.428735842739341e-06,5.819483053841414e-06
traversal,bfs/1000/chain/Some(3),seconds,12,4.98508806453221e-07,4.093705373231343e-07,-7.601866285771304,-24.15133273219887,12.55853822360757,inconclusive,-3.495184552373993e-08,-1.2947433077186112e-07,5.9570639724381265e-08,12,2.828809724646348e-07,2.812559098915047e-07,-6.71124717308247,-24.304563410206846,14.971150125781904,inconclusive,-6.37097953581369e-08,-2.2361393639886063e-07,9.619434568258681e-08
traversal,dfs/1000/chain/Some(3),seconds,12,4.0543191682587736e-07,3.8488242350801774e-07,-5.245655029028344,-24.815064556141742,19.417351865417235,inconclusive,-2.6022868858878086e-08,-1.3930634867830307e-07,8.72606109605469e-08,12,2.7507691227435595e-07,2.624096570900418e-07,-5.526336771696339,-21.61753994719115,13.868243453467578,inconclusive,-1.872674546494613e-08,-9.063807914957976e-08,5.3184588219687495e-08
traversal,create_edges/1000/random,seconds,12,0.0010304449525804804,0.0010177787678925456,-1.800807268470708,-24.27304971362416,27.34015323021582,inconclusive,-5.337067206254665e-05,-0.0004113508624416237,0.00030460951831653044,12,0.000756191523923445,0.0007338791667024474,-6.137210621648488,-23.697779964235,15.464834781414986,inconclusive,-7.807019207411599e-05,-0.0003055532396882013,0.0001494128555399693
traversal,bfs/1000/random/None,seconds,12,0.0001509819648329263,0.00017528234394555766,6.121744156426899,-15.071259033728513,32.603220707989024,inconclusive,2.159128433552505e-06,-4.7844732689984874e-05,5.216298955708989e-05,12,9.637196135069086e-05,0.00010244224755860195,4.594023235744489,-12.116340322877894,24.481726601189063,inconclusive,4.453837244513284e-06,-2.26629566088356e-05,3.1570631097862165e-05
traversal,dfs/1000/random/None,seconds,12,0.00015056127278515065,0.00015785436136220155,0.28074749410645283,-21.50507100881143,28.11309529441829,inconclusive,1.8710595445574376e-06,-4.1357320763261164e-05,4.509943985237604e-05,12,0.00010955268862459547,0.0001039943223395241,-7.103375024037772,-21.61645242852987,10.09686597887052,inconclusive,-9.397380890936028e-06,-3.49349434738971e-05,1.6140181692025044e-05
traversal,bfs/1000/random/Some(3),seconds,12,1.682634528162249e-05,1.7706050525659648e-05,1.6192087455771644,-20.261722648941635,29.50447299749853,inconclusive,3.277418787264165e-07,-3.735330431274408e-06,4.390814188727241e-06,12,1.1125206160794822e-05,1.082688257830937e-05,-2.20431197249765,-11.613278625385858,8.206260488348367,inconclusive,-1.8522415830239244e-07,-1.7085290648530693e-06,1.3380807482482846e-06
traversal,dfs/1000/random/Some(3),seconds,12,1.4387047340001334e-05,1.3204006811434955e-05,-2.6966168661344554,-23.493361520593577,23.753291968831604,inconclusive,-3.730926463963168e-07,-4.004680961464521e-06,3.258495668671888e-06,12,9.373039998661233e-06,9.393762875230356e-06,8.56516774001157,-5.112599919606676,24.214549417845028,inconclusive,1.066358085449776e-06,-6.412392407223547e-07,2.7739554116219066e-06
traversal,create_edges/1000/hub,seconds,12,0.0005063682780739251,0.00046928155180852465,-1.9227810088426742,-21.602001573949174,22.69625600343251,inconclusive,-3.911554298610765e-06,-0.00012684260216090773,0.00011901949356368621,12,0.00034021940925182774,0.00034613067067669175,-0.6336147074941734,-12.74244071369029,13.155566198009058,inconclusive,-5.007343538193178e-06,-6.727201693482027e-05,5.725732985843392e-05
traversal,bfs/1000/hub/None,seconds,12,5.773546704934934e-05,5.430389451839814e-05,4.736994876523685,-16.90974133370066,32.02315496237848,inconclusive,6.885552882098153e-06,-1.1748151140380224e-05,2.5519256904576528e-05,12,3.945052856224292e-05,3.9489078709210835e-05,-2.3074394073227937,-17.62559156343776,15.859240464273054,inconclusive,-1.2725688959861097e-06,-1.0559691892454759e-05,8.01455410048254e-06
traversal,dfs/1000/hub/None,seconds,12,5.828793458189277e-05,6.0328868185068917e-05,10.366931280193665,-11.181918197373905,37.143915664330834,inconclusive,9.255936990957498e-06,-7.052603801493318e-06,2.5564477783408314e-05,12,4.458896407846933e-05,4.450403565770811e-05,3.0746949815496665,-14.40812815004712,24.128524308530462,inconclusive,1.190027706465026e-06,-1.0278421564602857e-05,1.2658476977532908e-05
traversal,bfs/1000/hub/Some(3),seconds,12,5.131168750690626e-05,6.119537883970277e-05,13.84898083076537,-6.6269591628885145,38.815126079222054,inconclusive,8.027566866398995e-06,-5.931151185042011e-06,2.1986284917840002e-05,12,3.944164521645583e-05,4.072269004894556e-05,-4.564306847352767,-19.444851478654073,13.065045434219014,inconclusive,-2.7134114744671332e-06,-1.2764308350222058e-05,7.337485401287791e-06
traversal,dfs/1000/hub/Some(3),seconds,12,4.410779020563117e-05,5.3209428737812395e-05,19.885485087047616,-0.786300147973849,44.86436405448898,inconclusive,1.1030321266567183e-05,-6.169162746181845e-07,2.2677558807752553e-05,12,3.486613480924217e-05,3.406031759651657e-05,-3.051192551777192,-20.26149897701742,17.87368893382559,inconclusive,-2.1128578665697563e-06,-1.2677508045901949e-05,8.451792312762437e-06
traversal,create_edges/1000/isolated,seconds,12,0.0002510991431459231,0.0003020213550906365,6.329869782304101,-11.578237220351282,27.864915293500143,inconclusive,2.4633262569779744e-05,-2.962706130048469e-05,7.889358644004418e-05,12,0.00017628685787501088,0.00017902796815213215,1.9672066642391506,-20.82064528880889,31.31341209879947,inconclusive,-3.3247841065042735e-06,-7.945997748118664e-05,7.281040926817808e-05
traversal,bfs/1000/isolated/None,seconds,12,1.5780007327574054e-07,2.036788044186061e-07,14.217343535892734,-2.9449453922316255,34.4144477288456,inconclusive,2.92972320885105e-08,-1.0878371951940548e-09,5.968230137221506e-08,12,1.0703617942420874e-07,1.2040258911373118e-07,7.497870049566351,-10.444290393272015,29.0346770288481,inconclusive,8.126226979583678e-09,-1.911656939645505e-08,3.536902335562241e-08
traversal,dfs/1000/isolated/None,seconds,12,1.6926771179733074e-07,1.8971124090227625e-07,11.925645034605955,-5.632589418788973,32.75080813658422,inconclusive,2.2567453302819194e-08,-8.538290813177818e-09,5.36731974188162e-08,12,1.250206445804995e-07,1.243880141655731e-07,-2.9330531547979213,-15.610505398788426,11.648875424287883,inconclusive,-5.27398529799677e-09,-2.8710117310167783e-08,1.8162146714174246e-08
traversal,bfs/1000/isolated/Some(3),seconds,12,1.5706499880966244e-07,1.5621973108729922e-07,6.441944886109834,-7.466664986704365,22.441146528542504,inconclusive,1.2103168056205978e-08,-9.932221653456413e-09,3.413855776586837e-08,12,1.0585377356254325e-07,1.0971532803866185e-07,-11.343823417540742,-28.585126864658783,10.059953916385867,inconclusive,-3.0364615555165697e-08,-8.479897547759949e-08,2.40697443672681e-08
traversal,dfs/1000/isolated/Some(3),seconds,12,1.6384846506021331e-07,1.6367642821869708e-07,6.337826797855346,-10.360565594918922,26.146862518018306,inconclusive,1.9942144124491774e-08,-1.9088178263665e-08,5.897246651264855e-08,12,1.165133379875669e-07,1.1800151605683582e-07,-2.0434643359852527,-14.556682316751846,12.302320877419117,inconclusive,-4.190280348955325e-09,-2.6296430159726228e-08,1.7915869461815576e-08
traversal,create_nodes/20000/false,seconds,12,0.0103043034,0.008633850875,-9.535752332433796,-30.614907001059077,17.94723841018232,inconclusive,-0.0007604373693315267,-0.003971620783944094,0.0024507460452810404,12,0.005606974852941177,0.007415333035714285,4.87967510711788,-16.87558341191916,32.328703190583944,inconclusive,-0.00017631910901029428,-0.002208029446949975,0.0018553912289293866
traversal,create_nodes/20000/true,seconds,12,0.006091522911764706,0.006384157338235294,-6.224364280364023,-26.686746873351535,19.94925173256844,inconclusive,-0.0003347838293353599,-0.002033943150338356,0.0013643754916676362,12,0.004274149104166666,0.004287527916666666,-9.584025351108329,-21.952681554607047,4.744770666641472,inconclusive,-0.0006707958194218795,-0.0015975702130259597,0.0002559785741822006
traversal,duplicate_nodes/20000/control,seconds,12,0.0034381708333333337,0.003798396331428571,-0.16524744562561958,-19.169648138842227,23.30736645453964,inconclusive,2.7164095673948604e-05,-0.0007932587004395316,0.0008475868917874287,12,0.002570485358974359,0.0026735717105263158,-5.753198194344921,-18.45563768684413,8.927943007059211,inconclusive,-0.0002645837861468557,-0.0007628695943140837,0.0002337020220203723
traversal,create_edges/20000/chain,seconds,12,0.009924440795454546,0.01040036045,-0.6890621827589236,-22.499961005551945,27.26009558326113,inconclusive,5.343841418650806e-05,-0.0027974919670038347,0.0029043687953768504,12,0.006805064533333334,0.007138370621428572,-1.4916600647725577,-18.55270039707799,19.14321388313024,inconclusive,-0.00011217231992243874,-0.0020390339465980382,0.0018146893067531608
traversal,bfs/20000/chain/None,seconds,12,0.00076467163740458,0.0006762696242236025,-12.670228882525508,-32.96389927653499,13.766893377211906,inconclusive,-9.949141944179644e-05,-0.00029651211380215923,9.752927491856634e-05,12,0.0005139553192183267,0.0005262669032102508,3.7602789152690512,-9.836118866489238,19.406965907249628,inconclusive,1.9919846470739605e-05,-8.37428941584544e-05,0.00012358258709993362
traversal,dfs/20000/chain/None,seconds,12,0.0009183050825688074,0.000780802907652195,-9.955359537981908,-34.549953647933776,23.88130685683065,inconclusive,-9.867065111791004e-05,-0.000388886952371641,0.00019154565013582088,12,0.0006411074117803185,0.0005816231852187942,-14.31042267099181,-29.07816771526325,3.5323457711105144,inconclusive,-0.00012115221669675643,-0.00027787457035653273,3.557013696301988e-05
traversal,bfs/20000/chain/Some(3),seconds,12,4.445468679584155e-07,3.4074975360073676e-07,-10.414445675952253,-32.7780118124269,19.389083243904192,inconclusive,-4.6630521580297705e-08,-1.7788143242985515e-07,8.462038926925975e-08,12,2.9468970537912114e-07,2.945551103891944e-07,-4.793931422594882,-15.636628701992269,7.442310027499106,inconclusive,-1.8265703814567995e-08,-5.930408887322674e-08,2.277268124409075e-08
traversal,dfs/20000/chain/Some(3),seconds,12,3.693510176451009e-07,3.4382043030243956e-07,-7.322375759732069,-26.229825308375275,16.431092521127518,inconclusive,-3.256484179152253e-08,-1.19660827159891e-07,5.453114357684593e-08,12,2.7973483709485843e-07,2.59016150803539e-07,-7.698890251256149,-19.877775570531153,6.331232333037898,inconclusive,-2.542731403982476e-08,-7.334904464760173e-08,2.2494416567952214e-08
traversal,create_edges/20000/random,seconds,12,0.043662891999999995,0.032635498416666665,-14.191586372777994,-29.723624979264063,4.773244878493629,inconclusive,-0.0059049531347222205,-0.01375537738103109,0.0019454711115866486,12,0.026887394375,0.02490173495,-10.94992800418574,-26.483154596869475,7.865282833831007,inconclusive,-0.0038876651138888894,-0.010769860103724703,0.002994529875946924
traversal,bfs/20000/random/None,seconds,12,0.007953551773809523,0.006631421614583333,-11.859319771823722,-29.1808522453779,9.69885627547086,inconclusive,-0.0010549505919930033,-0.002689400334407048,0.0005794991504210415,12,0.0051409411249999995,0.004860553119047619,-13.962490352377676,-32.04709558470186,8.935050386134781,inconclusive,-0.0010577961702310235,-0.0027539837621329165,0.0006383914216708698
traversal,dfs/20000/random/None,seconds,12,0.005820319717320261,0.004428107652173913,-14.516089849411332,-30.66219643594027,5.3898237183511775,inconclusive,-0.0007941459861792684,-0.0018429288050476758,0.00025463683268913925,12,0.0033651598666666668,0.0032766545806451612,-5.129434823226533,-19.219054889735546,11.417663220887233,inconclusive,-0.00023902992847841967,-0.0009259005996161353,0.00044784074265929595
traversal,bfs/20000/random/Some(3),seconds,12,2.417207303238427e-05,2.0752669965367567e-05,-10.451980587606867,-31.5816746098475,17.203216169866913,inconclusive,-2.3102525841370263e-06,-8.156075685964555e-06,3.5355705176905027e-06,12,1.588761675185295e-05,1.4688431048580766e-05,-9.535358996993393,-23.19036472284616,6.547196094251712,inconclusive,-1.7919488147847953e-06,-4.959839521257358e-06,1.375941891687768e-06
traversal,dfs/20000/random/Some(3),seconds,12,2.15948117142943e-05,1.784897906421895e-05,-15.932714790606761,-38.81587793117033,15.508864122084315,inconclusive,-4.70330468689158e-06,-1.2859645486836033e-05,3.4530361130528725e-06,12,1.4042047716755015e-05,1.4032753632662187e-05,-5.685498272499742,-20.055952306509166,11.268136812528597,inconclusive,-1.2258894186338461e-06,-4.330458503097364e-06,1.8786796658296715e-06
traversal,create_edges/20000/hub,seconds,12,0.01080057441111111,0.009026701098484849,-17.980375259349753,-40.29034490176076,12.665511658523432,inconclusive,-0.0026978889834841082,-0.007144757358509505,0.0017489793915412884,12,0.008230663413461538,0.007762431615384615,-9.919464663276024,-23.893925998654918,6.620962295432073,inconclusive,-0.0010394203545473044,-0.0028638341099953583,0.0007849934009007493
traversal,bfs/20000/hub/None,seconds,12,0.0010374434976808907,0.0009491749716071429,-7.0853814187834265,-32.3934066797098,27.696514823532276,inconclusive,-9.16104656799195e-05,-0.0005761813198919478,0.0003929603885321088,12,0.000802545884,0.000787690677187154,-8.255692925090175,-21.298751039516052,6.948974658350725,inconclusive,-9.599437848524938e-05,-0.0002773713029112284,8.538254594072963e-05
traversal,dfs/20000/hub/None,seconds,12,0.0012565963369867243,0.0011384360683462532,-3.992307601379829,-32.87652533357315,37.321213562240914,inconclusive,-0.00015217772243103595,-0.0009593363391712414,0.0006549808943091695,12,0.0008999857594421618,0.000876656999046384,-9.493302822070907,-23.431073056909398,6.981546706872534,inconclusive,-0.00013127965979909295,-0.00037498303425502705,0.00011242371465684117
traversal,bfs/20000/hub/Some(3),seconds,12,0.0010465785751500858,0.000930301734228972,-7.7836574542871535,-27.100943166697867,16.652453432339524,inconclusive,-6.632264181755851e-05,-0.00038205870255347867,0.0002494134189183616,12,0.000825735680894309,0.0007669494521561771,-9.944850448722198,-23.29435574722429,5.727942704940396,inconclusive,-0.00010395578287299075,-0.00028108630848516336,7.317474273918186e-05
traversal,dfs/20000/hub/Some(3),seconds,12,0.0009873782416222393,0.0007978234480870879,-15.488381771054948,-30.34830650030275,2.541851558943098,inconclusive,-0.00014490974765468976,-0.0003537371568534983,6.39176615441188e-05,12,0.0006922623995689655,0.0006724992416107382,-8.195506222315272,-21.904981120466932,7.920648444657186,inconclusive,-7.992945561633512e-05,-0.0002482253756892032,8.836646445653298e-05
traversal,create_edges/20000/isolated,seconds,12,0.00652436671875,0.0045882012954545455,-16.16249562111602,-34.136130840707544,6.715976911109508,inconclusive,-0.0010555509669348886,-0.0027840228288904837,0.0006729208950207064,12,0.004512836030632411,0.004315005895833333,-7.32936445867802,-21.70245315171237,9.682193597619017,inconclusive,-0.0003635160617061319,-0.0014014933460027407,0.000674461222590477
traversal,bfs/20000/isolated/None,seconds,12,1.5101613048806327e-07,1.142781035278737e-07,-14.180600304545138,-32.29132180147645,8.774378115814958,inconclusive,-2.1132548953215118e-08,-6.090274813221867e-08,1.8637650225788426e-08,12,1.0605552200407629e-07,1.0535865620530986e-07,-11.773877477705218,-31.052801557936284,12.895793755271045,inconclusive,-3.326773900207823e-08,-9.851149760672153e-08,3.197601960256506e-08
traversal,dfs/20000/isolated/None,seconds,12,1.7300288676834683e-07,1.3475732516501801e-07,-15.031725938793738,-29.911673628017322,3.0072762562960103,inconclusive,-2.649358194797276e-08,-6.339048710413855e-08,1.0403323208193033e-08,12,1.2355650663243425e-07,1.20180992876768e-07,-6.413134976649959,-19.71822436437634,9.097005335944571,inconclusive,-1.1481794209070067e-08,-3.750801461442622e-08,1.4544426196286084e-08
traversal,bfs/20000/isolated/Some(3),seconds,12,1.513590362003145e-07,1.3529320934775942e-07,-8.146385246911654,-25.888546346642023,13.843220275662294,inconclusive,-1.529430145244747e-08,-5.3733204685333545e-08,2.3144601780438603e-08,12,1.1297916977404785e-07,1.0853909966341389e-07,-10.897145415391837,-22.96270454923391,3.0581181318830466,inconclusive,-1.7769439003012115e-08,-4.0091166112351474e-08,4.552288106327248e-09
traversal,dfs/20000/isolated/Some(3),seconds,12,1.5212732893902593e-07,1.433969904158459e-07,-4.475718417092691,-21.310506748064093,15.960695574895897,inconclusive,-9.399829621510516e-09,-4.765499688529573e-08,2.8855337642274697e-08,12,1.1725656390827338e-07,1.1890868337645997e-07,-6.132915752428841,-21.535598710399125,12.293337619698045,inconclusive,-1.3349589788526808e-08,-4.380620628527043e-08,1.710702670821681e-08
traversal,create_nodes/100000/false,seconds,12,0.058343330166666665,0.04519244533333333,-10.488260605358532,-32.642763932058195,18.95309186042494,inconclusive,-0.004521011840277778,-0.023190365418285425,0.01414834173772987,12,0.03443619383333334,0.03368392416666667,-17.16746397571009,-37.80226197708362,10.31315996873242,inconclusive,-0.012011720486111111,-0.029774599223082968,0.005751158250860743
traversal,create_nodes/100000/true,seconds,12,0.038202922,0.029954457375,-12.284921296740993,-31.333549120349748,12.047949666189453,inconclusive,-0.006311369381944444,-0.0216559567161552,0.009033217952266312,12,0.02914503625,0.026715694025,-9.17447576884941,-30.198299587398765,18.18158874499408,inconclusive,-0.002526813340277778,-0.01604466421307993,0.010991037532524374
traversal,duplicate_nodes/100000/control,seconds,12,0.020849603516666666,0.0221565997,-3.2981231861121425,-21.013872139374744,18.391079960636493,inconclusive,-0.0018657486479166667,-0.00864275344303706,0.004911256147203727,12,0.017201690428571427,0.01581668728571429,-3.0565431387621973,-24.407560805435814,24.32505060482931,inconclusive,-0.0006244680649801576,-0.006730543492177069,0.0054816073622167534
traversal,create_edges/100000/chain,seconds,12,0.06660307166666667,0.06020241466666666,-12.288889558644486,-28.83461001860773,8.103656803780996,inconclusive,-0.010965473666666666,-0.029078691160191874,0.0071477438268585415,12,0.050534155166666664,0.048105275,-8.45922851335017,-27.089514114030656,14.931518320653614,inconclusive,-0.006296282166666666,-0.022188663092493014,0.00959609875915968
traversal,bfs/100000/chain/None,seconds,12,0.0034950933353365384,0.002907057564144737,-12.318426377431582,-28.573640372969543,7.63614991824995,inconclusive,-0.0005261673344674104,-0.0014280617008347106,0.0003757270318998898,12,0.0027772350523215523,0.0026437279871794873,-8.32912849953473,-18.672978074952113,3.330338216486553,inconclusive,-0.00029353347080886147,-0.0007204495306495078,0.00013338258903178486
traversal,dfs/100000/chain/None,seconds,12,0.003919866846153846,0.00394449301994302,-7.551417689980601,-23.04442235353637,11.060700634285773,inconclusive,-0.0003936623372301865,-0.001305088011427246,0.0005177633369668729,12,0.0034194414591954027,0.0034559286359447,-5.100281062673304,-19.571142388090546,11.97419585193824,inconclusive,-0.0002608458682385475,-0.0010228345727466466,0.0005011428362695514
traversal,bfs/100000/chain/Some(3),seconds,12,4.012128149748212e-07,3.966041491198062e-07,-5.282056440559357,-22.29502692171201,15.455787148791389,inconclusive,-3.654084800627762e-08,-1.334650140411366e-07,6.038331802858136e-08,12,3.2956561045717943e-07,3.0931677007069713e-07,-8.729459250870573,-20.293748515666294,4.51265055760176,inconclusive,-2.882539123899139e-08,-8.273125816442358e-08,2.5080475686440814e-08
traversal,dfs/100000/chain/Some(3),seconds,12,3.4399713236496493e-07,3.176338380938969e-07,-2.3307729103531507,-18.555378813636107,17.125941300174496,inconclusive,-1.0732868067929263e-08,-8.504992667746524e-08,6.358419054160671e-08,12,2.719981231301449e-07,2.665442371399228e-07,-5.729154225915225,-16.751175477645322,6.752166339296083,inconclusive,-2.091399428816322e-08,-6.596242639913569e-08,2.413443782280926e-08
traversal,create_edges/100000/random,seconds,12,0.37698896716666663,0.4007171203333333,5.92552792876703,-15.076789793764512,32.12191861023359,inconclusive,0.02619760505555556,-0.07206717597685292,0.12446238608796403,12,0.25832612850000003,0.2623310093333333,-3.802551454447769,-20.906530825480225,17.00016705874067,inconclusive,-0.01948951111111111,-0.09708014444607997,0.05810112222385776
traversal,bfs/100000/random/None,seconds,12,0.068929108,0.0822669335,17.41585608091018,-13.557772301575946,59.48782934320833,inconclusive,0.014177991277777779,-0.016396667857032532,0.04475265041258809,12,0.057902592499999996,0.04897775733333333,-18.06962086232556,-31.3766169334028,-2.1822194465596545,improved,-0.015625872277777775,-0.030340365801972916,-0.0009113787535826347
traversal,dfs/100000/random/None,seconds,12,0.04208006216666667,0.04077642666666667,-5.300494170790266,-37.19626857061632,42.794006027812465,inconclusive,-0.007250763119444447,-0.03832026576116668,0.023818739522277782,12,0.027182356625,0.02759020175,-13.81654891068618,-31.985254883958845,9.205544018312645,inconclusive,-0.007650225593055555,-0.018644237030006453,0.003343785843895342
traversal,bfs/100000/random/Some(3),seconds,12,1.7964859228047137e-05,2.002437532907473e-05,11.128058704237102,-10.072659401587176,37.326928042063436,inconclusive,2.095395941599889e-06,-2.831319818483473e-06,7.022111701683251e-06,12,1.4057830173443465e-05,1.4184356932076663e-05,-8.801684041015465,-26.217568138612595,12.72511116711216,inconclusive,-2.4392584299182455e-06,-7.246931818186459e-06,2.3684149583499685e-06
traversal,dfs/100000/random/Some(3),seconds,12,1.746597077994643e-05,1.7661333046376247e-05,24.3673454313886,-9.147176683270636,70.24497472939008,inconclusive,6.231261032263915e-06,-3.264139695229858e-06,1.5726661759757687e-05,12,1.2653409786772187e-05,1.2724476954753428e-05,-6.574196058284107,-16.542203469867754,4.584367249674213,inconclusive,-1.470210274774163e-06,-3.7551862991335208e-06,8.147657495851949e-07
traversal,create_edges/100000/hub,seconds,12,0.07641377,0.07730381716666668,4.715297553151404,-15.007723006465405,29.01517560800462,inconclusive,0.005492881555555554,-0.013353786238245527,0.024339549349356636,12,0.053553650833333334,0.05570763916666666,-1.2377887576329676,-15.647179759498103,15.63305579673519,inconclusive,-0.002331110777777779,-0.014493424268487267,0.00983120271293171
traversal,bfs/100000/hub/None,seconds,12,0.005438203710526316,0.0056071504588235295,9.607491128028668,-9.465058502020174,32.69796072767062,inconclusive,0.0007544212332226067,-0.00043018496654746697,0.0019390274329926804,12,0.004001986796153846,0.003988717681538462,-5.54881192732192,-18.426190906291016,9.36141179937128,inconclusive,-0.00034749641895033756,-0.0011179804090788192,0.0004229875711781441
traversal,dfs/100000/hub/None,seconds,12,0.006618166685416666,0.007086104264285714,15.21921842519072,-6.955283967024363,42.67836864381314,inconclusive,0.001197476553197839,-0.0004618942901955265,0.0028568473965912044,12,0.004789942928571428,0.005085438319548872,8.950858209121902,-9.311948734962986,30.89143871680636,inconclusive,0.0005099323635782835,-0.0006313953020236448,0.001651260029180212
traversal,bfs/100000/hub/Some(3),seconds,12,0.0054927727017543854,0.007155023371428572,10.876909300113336,-18.29788920724413,50.469662248133496,inconclusive,0.00033461840374187854,-0.00219181593621906,0.002861052743702817,12,0.004045679810185185,0.00405126286,1.2340369044379014,-19.972794047355006,28.06057772444791,inconclusive,5.528237906244296e-05,-0.0012570627273703078,0.0013676274854951937
traversal,dfs/100000/hub/Some(3),seconds,12,0.004659934886363636,0.005838328617647059,26.666579757838214,3.9462686345697273,54.35303872190028,regression,0.0014341674899504982,0.00028132856608550374,0.0025870064138154925,12,0.003471581379310345,0.0035285207758620693,-5.349458252539006,-24.069112434129266,17.98525396290253,inconclusive,-0.00038308332128277745,-0.0015173459037381644,0.0007511792611726094
traversal,create_edges/100000/isolated,seconds,12,0.051570873,0.060814388166666664,5.465222713059725,-22.206013534293525,42.979087552204895,inconclusive,0.004645594902777778,-0.017494569917153195,0.026785759722708753,12,0.03457627333333333,0.03573247783333333,3.095124270985404,-21.051051924810206,34.62629848250036,inconclusive,0.0021738675208333347,-0.015813612011743354,0.020161347053410023
traversal,bfs/100000/isolated/None,seconds,12,1.5462141936261232e-07,1.5842294976196393e-07,1.0743035826477394,-35.65799765048309,58.776762793642526,inconclusive,5.688297087787185e-09,-1.0980002377154061e-07,1.2117661794711499e-07,12,1.0698478448750849e-07,1.0515213642501078e-07,-4.403958348994584,-25.557949290459327,22.76130348689516,inconclusive,-7.534292175746299e-09,-4.5362428778535024e-08,3.0293844427042423e-08
traversal,dfs/100000/isolated/None,seconds,12,1.5411579973635064e-07,2.0626242986318236e-07,17.132172740286542,-13.272082250918263,58.195264534707334,inconclusive,3.830175570943076e-08,-2.4720583598830128e-08,1.0132409501769165e-07,12,1.1933339770597688e-07,1.1890442910308203e-07,-2.7178181147566582,-24.50420872951347,25.355635765794638,inconclusive,-6.830805962565099e-09,-4.9172523062356914e-08,3.551091113722671e-08
traversal,bfs/100000/isolated/Some(3),seconds,12,1.3835441869191528e-07,1.7092232075786759e-07,16.05568456360538,-15.233846517699714,58.895046739846094,inconclusive,3.682924877637737e-08,-3.616056713649255e-08,1.0981906468924729e-07,12,1.0823912740891605e-07,1.0760623312092487e-07,-10.26048198593042,-27.354947835767106,10.856567012867213,inconclusive,-1.7793094449260428e-08,-5.082043537259447e-08,1.5234246474073615e-08
traversal,dfs/100000/isolated/Some(3),seconds,12,1.4799514678540968e-07,1.8934043698212784e-07,4.234859250294815,-16.12635708737288,29.538976794497458,inconclusive,1.898062890202029e-11,-4.7487633885381504e-08,4.7525595143185545e-08,12,1.2008233839873103e-07,1.1850622427073958e-07,-8.312576219794462,-20.89484683421117,6.2709993346761514,inconclusive,-1.501980980381991e-08,-4.088672383887315e-08,1.0847104231233332e-08
deletion,parallel-out/1000,seconds,12,1.9972750000000003e-05,2.0417125e-05,-8.466944557966597,-23.79218644423523,9.940173423602708,inconclusive,-2.627604166666667e-06,-7.929722836982378e-06,2.674514503649044e-06,,,,,,,,,,
deletion,parallel-out/4000,seconds,12,8.89845e-05,8.425962500000002e-05,0.02225132844979766,-12.926733216452057,14.896926810857497,inconclusive,3.010625000000003e-07,-1.297118714146856e-05,1.357331214146856e-05,,,,,,,,,,
deletion,parallel-out/16000,seconds,12,0.0003907165,0.000402112375,-12.753623664857324,-29.157971449484094,7.44935371501174,inconclusive,-7.838816666666666e-05,-0.0001984666668150621,4.169033348172879e-05,,,,,,,,,,
deletion,parallel-in/16000,seconds,12,0.000538276875,0.00042950175000000003,-13.75351474879953,-30.872354627440956,7.604651917426862,inconclusive,-6.833166666666666e-05,-0.0001960965835998768,5.943325026654349e-05,,,,,,,,,,
deletion,bidirectional/16000,seconds,12,0.000411496625,0.00047263212500000005,19.534629186154397,-0.754283768706615,43.97122734619439,inconclusive,0.0001135248125,-1.6564281344726785e-05,0.00024361390634472678,,,,,,,,,,
deletion,mixed/16000,seconds,12,0.00071360325,0.00057191,-13.910263565194297,-31.725584238005204,8.55373329375188,inconclusive,-0.00010676008333333336,-0.00027099171452569485,5.74715478590281e-05,,,,,,,,,,
deletion,star/16000,seconds,12,0.00040484312500000004,0.00037852275,4.123813726198214,-21.48029378078978,38.07703959844329,inconclusive,4.7015333333333344e-05,-0.00011308512000100183,0.00020711578666766852,,,,,,,,,,
deletion,shuffled-star/16000,seconds,12,0.000443384625,0.000602291875,21.978328699882464,-12.556021677258034,70.15136957174548,inconclusive,0.00011505652083333335,-0.00013606548014686136,0.00036617852181352803,,,,,,,,,,
deletion,star/4,seconds,12,1.9004350000000002e-07,1.7208000000000002e-07,-0.2680322481593614,-30.38138220174319,42.87076799596029,inconclusive,9.402333333333336e-09,-9.681365105403778e-08,1.1561831772070445e-07,,,,,,,,,,
deletion,self-loops/16000,seconds,12,0.00032188687500000004,0.00037621475,15.925946753484679,-4.3788432934425465,40.54238197445027,inconclusive,5.764577083333332e-05,-2.2470472571151075e-05,0.00013776201423781773,,,,,,,,,,
deletion,isolated/0,seconds,12,8.195950000000001e-08,8.166300000000001e-08,-0.4235620474142758,-7.217595989572166,6.867968135539505,inconclusive,-3.477500000000039e-10,-6.930198248645577e-09,6.234698248645569e-09,,,,,,,,,,
deletion,leaf-out/16000,seconds,12,1.0270125e-05,1.0407250000000001e-05,10.557897159208249,-4.705962612959396,28.26666766800591,inconclusive,1.4070416666666666e-06,-6.898300231842524e-07,3.5039133565175856e-06,,,,,,,,,,
deletion,leaf-in/16000,seconds,12,1.046425e-05,1.0484374999999999e-05,-9.847394719454899,-21.74560235912257,3.8598785996436313,inconclusive,-1.4887083333333338e-06,-3.547141677752282e-06,5.697250110856141e-07,,,,,,,,,,
deletion,two-hubs-out/16000,seconds,12,1.9135625000000002e-05,1.898575e-05,4.6801557178592645,-13.573909895187061,26.789664878118014,inconclusive,1.7587291666666667e-06,-4.116178039044739e-06,7.633636372378072e-06,,,,,,,,,,
deletion,two-hubs-in/16000,seconds,12,1.951775e-05,1.9324e-05,-5.7615899053792035,-19.05935128449267,9.720864338222793,inconclusive,-1.3077916666666664e-06,-4.955579853842756e-06,2.339996520509423e-06,,,,,,,,,,
deletion,fan-survivors/1024,seconds,12,6.7920375e-05,6.9214375e-05,-15.892991430010516,-42.93056646092326,23.95407579695991,inconclusive,-3.108572916666667e-05,-9.80192591389902e-05,3.5847800805656864e-05,,,,,,,,,,
deletion,dense/512,seconds,12,0.00023707487500000001,0.00023859175,4.473329721111781,-26.726287693945917,48.957604023487384,inconclusive,2.335881249999999e-05,-0.00012706381154257512,0.00017378143654257511,,,,,,,,,,
python-focus,filter-3-isolated/1000,seconds,10,2.26503515625e-06,1.57658203125e-06,-28.69707696228424,-34.55760883804418,-22.31171961396783,improved,-6.5257578125e-07,-8.210857928294276e-07,-4.840657696705725e-07,,,,,,,,,,
python-focus,bfs-isolated/1000,seconds,10,1.3137109375e-06,9.0748046875e-07,-30.07495252438873,-32.7989059992145,-27.240585333189106,improved,-3.9801562499999997e-07,-4.389276738150392e-07,-3.5710357618496075e-07,,,,,,,,,,
python-focus,filter-3-isolated/20000,seconds,10,1.3694890625e-05,1.5592343750000001e-06,-88.29024792337788,-89.30616740938345,-87.17781557415884,improved,-1.209678203125e-05,-1.3219083384919381e-05,-1.0974480677580618e-05,,,,,,,,,,
python-focus,bfs-isolated/20000,seconds,10,1.0975601562500001e-05,9.2348828125e-07,-91.91611439915334,-92.77886550911767,-90.950285375506,improved,-1.0555553125e-05,-1.200123979328353e-05,-9.109866456716471e-06,,,,,,,,,,
python-focus,filter-3-isolated/100000,seconds,10,0.0001091704921875,1.56728125e-06,-98.52541831217523,-98.64471440396709,-98.3956214391765,improved,-0.00010924213984374999,-0.00011648177821324242,-0.00010200250147425756,,,,,,,,,,
python-focus,bfs-isolated/100000,seconds,10,9.541848046874999e-05,8.939296875e-07,-99.04887610712622,-99.1400578640492,-98.94802612667054,improved,-9.631664375e-05,-0.00010403239725946061,-8.860089024053938e-05,,,,,,,,,,
networkx,networkx/1000/5000/Build graph,seconds,6,0.0059828865,0.006683705999999999,9.098225522724558,-33.119289578123265,77.96495786495079,inconclusive,0.0004655201666666665,-0.002799885594649572,0.0037309259279829053,,,,,,,,,,
networkx,networkx/1000/5000/BFS (full),seconds,6,0.001101425,0.0011202805,-17.278974020917694,-46.86674368677887,28.785032460533138,inconclusive,-0.0003908083333333334,-0.0012996548031728712,0.0005180381365062045,,,,,,,,,,
networkx,networkx/1000/5000/BFS (depth 3),seconds,6,0.0002170085,0.00019305,-6.90409221277213,-26.168844803705387,17.387409470778543,inconclusive,-1.2333333333333326e-05,-6.231242335262732e-05,3.764575668596067e-05,,,,,,,,,,
networkx,networkx/1000/5000/BFS (edge filter),seconds,6,0.001323479,0.0011432184999999998,-12.126279788928285,-31.284180893221027,12.372824832876669,inconclusive,-0.00023116983333333336,-0.0006908642484598094,0.00022852458179314266,,,,,,,,,,
networkx,networkx/1000/5000/DFS traversal,seconds,6,0.001150945,0.0014150875,17.613343389153712,-29.429882607141046,96.01637427026229,inconclusive,0.0002933413333333333,-0.0004023313015426293,0.000989013968209296,,,,,,,,,,
networkx,networkx/1000/5000/BFS search,seconds,6,3.10495e-05,3.2438000000000004e-05,-1.8807133316566866,-30.850183050618824,39.22516126618163,inconclusive,-1.622499999999999e-06,-1.6605734674321207e-05,1.3360734674321208e-05,,,,,,,,,,
networkx,networkx/1000/5000/Shortest path (unweighted),seconds,6,5.39945e-05,5.53565e-05,6.143111459236481,-6.202098522612024,20.113136144777183,inconclusive,3.924166666666666e-06,-3.5193032515475564e-06,1.136763658488089e-05,,,,,,,,,,
networkx,networkx/1000/5000/Shortest path (Dijkstra),seconds,6,0.0011603225,0.0009999750000000002,-15.9562980357221,-34.510938634164326,7.855322592013408,inconclusive,-0.00024878049999999994,-0.0006433638739079069,0.00014580287390790703,,,,,,,,,,
networkx,networkx/1000/5000/Batch shortest paths,seconds,6,0.0052373114999999994,0.007441346,34.18362641247775,-5.010734044378336,89.55031830244194,inconclusive,0.0021237316666666665,-0.00021313385140797917,0.004460597184741313,,,,,,,,,,
networkx,networkx/1000/5000/Distances from sources,seconds,6,0.0049621715,0.0060370095,8.371293628934549,-8.018113386944993,27.680978454097872,inconclusive,0.0003835573333333334,-0.0005663735654963795,0.0013334882321630462,,,,,,,,,,
networkx,networkx/1000/5000/Project graph,seconds,6,0.000718382,0.0005390225000000001,-5.506254880955234,-44.331526143059264,60.397209551124085,inconclusive,3.950916666666665e-05,-0.0004584907588657517,0.000537509092199085,,,,,,,,,,
networkx,networkx/1000/5000/Weakly connected components,seconds,6,0.000335198,0.00034246799999999996,-5.163490445650163,-26.223467711403565,21.90819038864579,inconclusive,-3.108733333333332e-05,-0.00014007511424385445,7.790044757718779e-05,,,,,,,,,,
networkx,networkx/1000/5000/Strongly connected components,seconds,6,0.000344157,0.0003346945,-4.66214977970186,-17.423379288093916,10.071175185756728,inconclusive,-1.792766666666667e-05,-6.899410836678718e-05,3.3138775033453844e-05,,,,,,,,,,
networkx,networkx/1000/5000/PageRank,seconds,6,0.0038677915000000004,0.00154815,-32.274566529908085,-71.69795027556883,62.06368031190475,inconclusive,-0.0010625295,-0.004309474068173071,0.002184415068173071,,,,,,,,,,
networkx,networkx/1000/5000/Triangles,seconds,6,0.0021903260000000003,0.0014874024999999998,-40.83142175014139,-71.87378326234067,24.47179386988495,inconclusive,-0.0017550903333333333,-0.004341454847047524,0.0008312741803808575,,,,,,,,,,
networkx,networkx/1000/5000/Core number,seconds,6,0.001018006,0.000889603,-18.85399403558546,-48.36903389995616,27.53343160803664,inconclusive,-0.00043034633333333334,-0.0014119575111890322,0.0005512648445223657,,,,,,,,,,
networkx,networkx/1000/5000/Label propagation,seconds,6,0.0045523125,0.0036377420000000002,-20.847410971358478,-46.41239104740278,16.91382527403046,inconclusive,-0.0011704923333333336,-0.0033139413466114626,0.0009729566799447954,,,,,,,,,,
networkx,networkx/1000/5000/BFS levels,seconds,6,0.0007575629999999999,0.001231466,21.229657395973422,-63.74136226546564,305.32768881019933,inconclusive,0.00015278500000000006,-0.002308635409634303,0.0026142054096343027,,,,,,,,,,
networkx,networkx/1000/5000/Betweenness (sampled),seconds,6,0.0087926655,0.0081140735,-8.850108714310503,-36.34609372126548,30.523060831675153,inconclusive,-0.0009992761666666667,-0.004385878573899314,0.0023873262405659807,,,,,,,,,,
networkx,networkx/1000/5000/Similarity,seconds,6,0.009816441,0.009169382,-7.903775001136159,-26.49973067791109,15.397055511092628,inconclusive,-0.0008589840000000002,-0.0033950261025290766,0.0016770581025290763,,,,,,,,,,
networkx,networkx/1000/5000/Most similar nodes,seconds,6,0.005786397,0.0051111645,-6.005968373245353,-39.64417785355952,46.37987964136107,inconclusive,-0.00012684150000000018,-0.002904565678148415,0.002650882678148415,,,,,,,,,,
networkx,networkx/1000/5000/Leiden vs Louvain,seconds,6,0.010648554000000001,0.0139140415,5.768403624120531,-24.677435454065947,48.5206361816414,inconclusive,0.0006189126666666667,-0.004013588362876818,0.005251413696210151,,,,,,,,,,
networkx,networkx/1000/5000/Minimum spanning tree,seconds,6,0.0011248465,0.0012388155,2.1959077849273587,-23.247879072501558,36.07446207057897,inconclusive,1.572800000000001e-05,-0.00033963496901060077,0.0003710909690106008,,,,,,,,,,
networkx,networkx/1000/5000/k shortest paths,seconds,6,0.0226400455,0.0261632105,8.69265062573128,-16.262961162619636,41.08562308956942,inconclusive,0.0020126433333333324,-0.005991776921150492,0.010017063587817157,,,,,,,,,,
networkx,networkx/1000/5000/FastRP embeddings,seconds,6,0.006431396,0.005372330999999999,-15.501965839622226,-43.81736784126699,27.084073896643574,inconclusive,-0.0012858593333333332,-0.0041440975567049385,0.0015723788900382717,,,,,,,,,,
networkx,networkx/1000/5000/node2vec walks,seconds,6,0.004481443,0.0053440185000000005,17.17440422135722,-10.787835088761447,53.900995657828645,inconclusive,0.000770688,-0.0005910709762273028,0.0021324469762273026,,,,,,,,,,
networkx,networkx/1000/5000/Grid: Dijkstra,seconds,6,0.0004904725,0.0005197450000000001,26.968852826877605,-34.418017908652324,145.81583346655486,inconclusive,0.00023880933333333333,-0.00041429429820164334,0.00089191296486831,,,,,,,,,,
networkx,networkx/1000/5000/Grid: A* (coordinates),seconds,6,0.00013147700000000002,0.0001449055,-2.509369442229942,-34.70850964905997,45.56909323811705,inconclusive,-4.698966666666667e-05,-0.00021499511835534573,0.00012101578502201241,,,,,,,,,,
networkx,networkx/1000/5000/Grid: A* (precomputed),seconds,6,0.00015898049999999998,0.0001536125,21.494169064229926,-40.02578028477845,146.11963584849042,inconclusive,5.807016666666667e-05,-0.00010423813047431276,0.00022037846380764612,,,,,,,,,,
networkx,networkx/1000/5000/Subgraph by ids,seconds,6,0.0002863125,0.0002877185,-1.774718189634414,-9.498360030217409,6.608079035331917,inconclusive,-5.149333333333358e-06,-3.0341235185971395e-05,2.0042568519304678e-05,,,,,,,,,,
networkx,networkx/1000/5000/Subgraph by attribute,seconds,6,0.00014928199999999998,0.0001588745,-5.491454945253078,-48.78109273592548,74.38609227475716,inconclusive,-3.411583333333333e-05,-0.00020379968522022714,0.00013556801855356046,,,,,,,,,,
networkx,networkx/1000/5000/Expand (depth 2),seconds,6,0.0013051665000000001,0.001434738,0.9719371908613306,-37.834547388738635,64.00318298701403,inconclusive,-7.793249999999998e-05,-0.0011717626736580937,0.001015897673658094,,,,,,,,,,
networkx,networkx/1000/5000/Remove nodes,seconds,6,0.000392335,0.000364044,-7.427250161352012,-26.360913991261587,16.374529847803547,inconclusive,-2.6696333333333347e-05,-0.0001224965147812101,6.910384811454342e-05,,,,,,,,,,
networkx,networkx/1000/5000/Count edges,seconds,6,7.2963e-05,7.35945e-05,-3.4795558167827636,-18.559241348083788,14.392305517973632,inconclusive,-2.767833333333333e-06,-1.5808647268254902e-05,1.0272980601588236e-05,,,,,,,,,,
networkx,networkx/1000/5000/Random walks,seconds,6,0.006276465,0.009394425000000001,15.615745762578367,-26.095010823202486,80.86736520940768,inconclusive,0.0009859280000000003,-0.0025226327024726845,0.0044944887024726855,,,,,,,,,,
networkx,networkx/1000/5000/Serialize to JSON string,seconds,6,0.00502826,0.007997299,23.30097315045052,-21.760544669726396,94.3153862162112,inconclusive,0.0014332233333333331,-0.0014384373696077197,0.004304884036274386,,,,,,,,,,
networkx,networkx/1000/5000/Load from JSON string,seconds,6,0.0116369645,0.0131906935,3.273983900955973,-43.350344219797456,88.27150145724647,inconclusive,0.0006224863333333329,-0.007433287226587364,0.00867825989325403,,,,,,,,,,
networkx,networkx/1000/5000/Batch paths / individual calls,seconds,6,0.034927611,0.043851793,34.88927932906171,-1.884239669128603,85.44541281191778,inconclusive,0.015599861000000001,-0.0026694796672940436,0.03386920166729405,,,,,,,,,,
networkx,networkx/20000/100000/Build graph,seconds,6,0.27475954199999997,0.2307093435,-5.069636141381996,-48.82614823147654,76.10114679451708,inconclusive,-0.018861250833333332,-0.20591872978028686,0.16819622811362017,,,,,,,,,,
networkx,networkx/20000/100000/BFS (full),seconds,6,0.0757109845,0.0784175255,-12.655880662443817,-52.70625763467884,61.310879649214044,inconclusive,-0.021434305000000004,-0.09337019019280579,0.05050158019280579,,,,,,,,,,
networkx,networkx/20000/100000/BFS (depth 3),seconds,6,0.0009686065000000001,0.0006970075,-18.18209138441024,-47.74099265911841,28.096007001499814,inconclusive,-0.00016385333333333337,-0.0005343494111843371,0.00020664274451767032,,,,,,,,,,
networkx,networkx/20000/100000/BFS (edge filter),seconds,6,0.0001333035,0.0001211165,-7.4680025499114855,-25.132982614184186,14.365054880967682,inconclusive,-1.0517833333333331e-05,-4.008064058671969e-05,1.9044973920053026e-05,,,,,,,,,,
networkx,networkx/20000/100000/DFS traversal,seconds,6,0.0994579555,0.0864783355,-7.478659156656624,-48.9073836890319,67.54277094266736,inconclusive,-0.010154706333333334,-0.07544322076575025,0.05513380809908358,,,,,,,,,,
networkx,networkx/20000/100000/BFS search,seconds,6,0.000219678,0.00021539200000000001,6.972581671090994,-16.619853623310103,37.24050300512933,inconclusive,1.665366666666666e-05,-4.246682116220244e-05,7.577415449553576e-05,,,,,,,,,,
networkx,networkx/20000/100000/Shortest path (unweighted),seconds,6,0.0003391455,0.0002955675,-11.980930334572305,-62.404475971697025,106.07124983641627,inconclusive,-0.00010026000000000005,-0.0005906987165031452,0.00039017871650314515,,,,,,,,,,
networkx,networkx/20000/100000/Shortest path (Dijkstra),seconds,6,0.0211254995,0.022509066,-1.0816932067287712,-42.25580448946709,69.45134194592622,inconclusive,-0.00026536416666666715,-0.01572846246841854,0.015197734135085204,,,,,,,,,,
networkx,networkx/20000/100000/Batch shortest paths,seconds,6,0.129277926,0.12242378949999999,6.020758959768543,-24.942891019066394,49.75798406065289,inconclusive,0.011348931833333332,-0.04198157319396809,0.06467943686063476,,,,,,,,,,
networkx,networkx/20000/100000/Distances from sources,seconds,6,0.141005555,0.169620403,16.18089309242641,-17.4520061934669,63.51699535410806,inconclusive,0.023757878333333347,-0.040246282104454384,0.08776203877112107,,,,,,,,,,
networkx,networkx/20000/100000/Project graph,seconds,6,0.013350652000000001,0.014918919999999999,0.5052674627862569,-23.113430888409127,31.379367092131048,inconclusive,-0.00048416700000000035,-0.005423907683537109,0.004455573683537108,,,,,,,,,,
networkx,networkx/20000/100000/Weakly connected components,seconds,6,0.009927426,0.009213595,-9.854245904288941,-32.66288821235365,20.68021282396683,inconclusive,-0.0010929853333333335,-0.0041449551693792976,0.0019589845027126306,,,,,,,,,,
networkx,networkx/20000/100000/Strongly connected components,seconds,6,0.011084174,0.0114388495,1.5567929147912563,-23.00540600618485,33.95462787902076,inconclusive,-1.0613000000000173e-05,-0.003068484300288954,0.003047258300288954,,,,,,,,,,
networkx,networkx/20000/100000/PageRank,seconds,6,0.024899073,0.022531984499999998,-13.353024498882956,-39.01735090622637,23.11204047476708,inconclusive,-0.0041101060000000005,-0.013236865573879937,0.005016653573879936,,,,,,,,,,
networkx,networkx/20000/100000/Triangles,seconds,6,0.0234644575,0.023257359999999998,-4.980063364961169,-27.98288098820725,25.370029820942115,inconclusive,-0.001501353000000001,-0.008361395515122804,0.005358689515122802,,,,,,,,,,
networkx,networkx/20000/100000/Core number,seconds,6,0.017359277,0.019197606,6.2225405656535715,-11.67358935071594,27.74466936083263,inconclusive,0.0011172934999999996,-0.002471683158583018,0.004706270158583018,,,,,,,,,,
networkx,networkx/20000/100000/Label propagation,seconds,6,0.035037705,0.038674996,6.277494607631224,-19.50083682833172,40.31084815115609,inconclusive,0.0015013201666666677,-0.010536081840585569,0.013538722173918903,,,,,,,,,,
networkx,networkx/20000/100000/BFS levels,seconds,6,0.0164176115,0.013710864,-12.919565607275278,-26.38383697449263,3.00729815812581,inconclusive,-0.0023265646666666665,-0.005150538720388533,0.0004974093870551998,,,,,,,,,,
networkx,networkx/20000/100000/Betweenness (sampled),seconds,6,0.151123204,0.136928074,-2.463009568028766,-24.552799926583162,26.094334756876336,inconclusive,-0.0057660451666666735,-0.05105717180508918,0.03952508147175584,,,,,,,,,,
networkx,networkx/20000/100000/Similarity,seconds,6,0.031376785500000004,0.028372505,-4.241222995888686,-23.59330340946548,20.012299739432677,inconclusive,-0.0014158201666666654,-0.009632268499120437,0.006800628165787107,,,,,,,,,,
networkx,networkx/20000/100000/Most similar nodes,seconds,6,0.14578074149999998,0.13562888299999998,-5.909245697817362,-28.193259783876286,23.290237358049627,inconclusive,-0.01012513016666667,-0.054596179316761015,0.034345918983427676,,,,,,,,,,
networkx,networkx/20000/100000/Leiden vs Louvain,seconds,6,0.2514722815,0.2100932315,-14.68003351991335,-28.611919317306462,1.9707577308190956,inconclusive,-0.03811743283333334,-0.08152011070500301,0.005285245038336328,,,,,,,,,,
networkx,networkx/20000/100000/Minimum spanning tree,seconds,6,0.032467119,0.0337129915,2.6988208690139346,-11.856278517388521,19.657391706186097,inconclusive,0.0009293786666666656,-0.0043455003546375385,0.006204257687970869,,,,,,,,,,
networkx,networkx/20000/100000/k shortest paths,seconds,6,0.398059922,0.397638884,1.9762632165649792,-17.956362727484823,26.75155082498869,inconclusive,0.009662929666666653,-0.0962457053755629,0.11557156470889621,,,,,,,,,,
networkx,networkx/20000/100000/FastRP embeddings,seconds,6,0.1656940045,0.1775729885,3.9500262195561313,-20.856476692236754,36.53180322825579,inconclusive,0.005632907166666669,-0.05110311569529504,0.062368930028628373,,,,,,,,,,
networkx,networkx/20000/100000/node2vec walks,seconds,6,0.091632278,0.0832100405,3.8956934358261948,-16.098741877198457,28.654985110141585,inconclusive,0.003369813166666668,-0.016597033915564514,0.023336660248897852,,,,,,,,,,
networkx,networkx/20000/100000/Grid: Dijkstra,seconds,6,0.031474339500000004,0.0361528635,0.34589015563282216,-16.53135372576045,20.635689214884962,inconclusive,-5.3363833333334186e-05,-0.007065568634395222,0.006958840967728553,,,,,,,,,,
networkx,networkx/20000/100000/Grid: A* (coordinates),seconds,6,0.0037148420000000003,0.003519961,-8.79470775773625,-34.848481428737564,27.67784259545849,inconclusive,-0.0004247778333333336,-0.0019011342558056035,0.0010515785891389363,,,,,,,,,,
networkx,networkx/20000/100000/Grid: A* (precomputed),seconds,6,0.00348561,0.0050563165,19.827876546445886,-14.477969689784329,67.89498501785587,inconclusive,0.0007451424999999999,-0.0007290284342419963,0.002219313434241996,,,,,,,,,,
networkx,networkx/20000/100000/Subgraph by ids,seconds,6,0.009272507999999999,0.009854901999999999,6.851934880551121,-37.66317040972185,83.15554484821197,inconclusive,0.0013559226666666677,-0.006555583076076169,0.009267428409409504,,,,,,,,,,
networkx,networkx/20000/100000/Subgraph by attribute,seconds,6,0.005364213,0.0041850265,-15.595732992094888,-36.11084878192796,11.50688580640562,inconclusive,-0.0008806046666666665,-0.002393624665906055,0.000632415332572722,,,,,,,,,,
networkx,networkx/20000/100000/Expand (depth 2),seconds,6,0.011673681,0.0092810675,-24.908021845568985,-49.91994190765041,12.595819532544613,inconclusive,-0.00429418,-0.011313158599842804,0.0027247985998428035,,,,,,,,,,
networkx,networkx/20000/100000/Remove nodes,seconds,6,0.017792254,0.0176839335,5.445167219951602,-5.717334565021781,17.929242228641968,inconclusive,0.0010325824999999995,-0.0011274045565884102,0.003192569556588409,,,,,,,,,,
networkx,networkx/20000/100000/Count edges,seconds,6,0.0015572485,0.0013747715,-13.511145353454923,-45.24297881726926,36.609366552436654,inconclusive,-0.00020478,-0.001052043406308806,0.0006424834063088059,,,,,,,,,,
networkx,networkx/20000/100000/Random walks,seconds,6,0.0425757335,0.0502475245,18.914915552972772,-23.035723161306347,83.73143647679157,inconclusive,0.007961668666666668,-0.011895799160425397,0.027819136493758733,,,,,,,,,,
networkx,networkx/20000/100000/Serialize to JSON string,seconds,6,0.2701134805,0.2508927425,14.045101941591017,-30.100610264888694,86.07151401687663,inconclusive,0.060900409999999995,-0.1350838699021891,0.2568846899021891,,,,,,,,,,
networkx,networkx/20000/100000/Load from JSON string,seconds,6,0.35282859600000005,0.3576090195,-0.9617474265690559,-25.464371130622908,31.5957968233974,inconclusive,-0.01047882450000002,-0.12417787958616328,0.10322023058616323,,,,,,,,,,
networkx,networkx/20000/100000/Batch paths / individual calls,seconds,6,3.904230806,2.45456475,-28.859027422552465,-47.183545810838304,-4.17686955775039,improved,-1.1273942663333334,-2.024988367747659,-0.22980016491900768,,,,,,,,,,
libraries,libraries/facebook/Build graph,seconds,6,0.1780473495,0.23802334349999998,9.836759624804326,-10.806099158718553,35.25716053550418,inconclusive,0.020364599166666678,-0.02149781717656085,0.06222701550989421,,,,,,,,,,
libraries,libraries/facebook/Weakly connected components / fresh,seconds,6,0.022206468,0.022032668,6.285449580552351,-35.166718879442485,74.24070781693293,inconclusive,0.0035289938333333327,-0.012063730557869325,0.01912171822453599,,,,,,,,,,
libraries,libraries/facebook/Weakly connected components / reused,seconds,6,0.007847193499999999,0.006412660000000001,-14.233871074432145,-35.989733435210006,14.916391785866015,inconclusive,-0.0011144186666666668,-0.0030676519049101037,0.0008388145715767703,,,,,,,,,,
libraries,libraries/facebook/BFS levels from one node / fresh,seconds,6,0.022598539,0.0284885395,13.936047141196578,-27.952440077194307,80.17852168858634,inconclusive,0.0038098803333333335,-0.010025447340996687,0.017645208007663355,,,,,,,,,,
libraries,libraries/facebook/BFS levels from one node / reused,seconds,6,0.00949816,0.009249565000000001,2.796796192103621,-27.724998226738574,46.207970226163056,inconclusive,0.0003937459999999998,-0.0034619221608707088,0.004249414160870708,,,,,,,,,,
libraries,libraries/facebook/Dijkstra from one node (weighted) / fresh,seconds,6,0.0541869255,0.0489516785,12.145874708093428,-22.232744461430244,61.72227150032059,inconclusive,0.009670738666666666,-0.018290769611171404,0.03763224694450473,,,,,,,,,,
libraries,libraries/facebook/Dijkstra from one node (weighted) / reused,seconds,6,0.0236142635,0.0212068225,7.331305981037003,-21.923505343454075,47.547726038045866,inconclusive,0.0040157165,-0.007897908108904391,0.015929341108904392,,,,,,,,,,
libraries,libraries/facebook/PageRank / fresh,seconds,6,0.0569245895,0.0620639885,19.55886697372657,-4.86869276534293,50.25886942541364,inconclusive,0.013292501666666663,-0.005566666747390396,0.03215167008072372,,,,,,,,,,
libraries,libraries/facebook/PageRank / reused,seconds,6,0.0464634775,0.0458655165,11.733019608628984,-2.820733569410569,28.46637075388084,inconclusive,0.0054099793333333345,-0.002195635392149181,0.01301559405881585,,,,,,,,,,
libraries,libraries/facebook/Core number / fresh,seconds,6,0.031161524,0.0287620905,4.395762433873579,-22.544350495546798,40.70600768150782,inconclusive,0.0021286583333333334,-0.008498985625342407,0.012756302292009074,,,,,,,,,,
libraries,libraries/facebook/Core number / reused,seconds,6,0.016169281,0.0190990755,21.73624941163451,-15.134924251363358,74.6267742069359,inconclusive,0.004496873,-0.0038928793591053064,0.012886625359105307,,,,,,,,,,
libraries,libraries/facebook/Local clustering / fresh,seconds,6,0.046903094,0.051209366000000006,15.063200223955919,-20.257975813206393,66.02964598396565,inconclusive,0.010524229333333333,-0.016429812664666955,0.03747827133133362,,,,,,,,,,
libraries,libraries/facebook/Local clustering / reused,seconds,6,0.0288004995,0.038457756999999995,28.7625027755519,-5.331494647951874,75.13514192886021,inconclusive,0.011414764833333334,-0.005756985339065927,0.028586515005732595,,,,,,,,,,
libraries,libraries/facebook/Betweenness (exact) / fresh,seconds,6,91.00204621,93.0856025375,1.4986902662004788,-13.373989999277264,18.924837074547803,inconclusive,0.544522582833333,-14.422431760670598,15.511476926337263,,,,,,,,,,
libraries,libraries/facebook/Betweenness (exact) / reused,seconds,6,92.54830616449999,93.088735445,-0.004375711244135121,-16.605389473558983,19.901331917938613,inconclusive,-0.15510625716666718,-17.445833389043628,17.13562087471029,,,,,,,,,,
libraries,libraries/facebook/Communities (Leiden / Louvain) / fresh,seconds,6,0.13889796,0.13580744,8.20058751394728,-6.641176682517405,25.401828368706685,inconclusive,0.012739647666666666,-0.009806885582369744,0.035286180915703076,,,,,,,,,,
libraries,libraries/facebook/Communities (Leiden / Louvain) / reused,seconds,6,0.12282061550000001,0.165120127,23.06075263586143,-25.516329902998216,103.3190472432731,inconclusive,0.035419648333333345,-0.04322425066014547,0.11406354732681216,,,,,,,,,,
libraries,libraries/facebook/Minimum spanning forest (weight) / fresh,seconds,6,0.05122236,0.047315115,-6.508407465586121,-14.466268980391265,2.189835172945509,inconclusive,-0.003667482000000003,-0.008398730591059455,0.0010637665910594486,,,,,,,,,,
libraries,libraries/facebook/Minimum spanning forest (weight) / reused,seconds,6,0.022609381,0.025699559,16.63463971929446,-13.574152604144624,57.40243911223708,inconclusive,0.0035652446666666654,-0.003150649971784878,0.010281139305118208,,,,,,,,,,
libraries,libraries/github/Build graph,seconds,6,0.3932232005,0.43789414000000004,8.20993990057071,-24.2484759305441,54.57631033995946,inconclusive,0.03709025150000001,-0.1232826751451371,0.1974631781451371,,,,,,,,,,
libraries,libraries/github/Weakly connected components / fresh,seconds,6,0.041300206,0.0638164705,21.413192418990025,-29.762637309269735,109.8763781646972,inconclusive,0.010026281333333333,-0.02083575545895182,0.04088831812561848,,,,,,,,,,
libraries,libraries/github/Weakly connected components / reused,seconds,6,0.0114648515,0.012702511,9.677914760208035,-40.74877435238612,103.02103213339848,inconclusive,0.001287788,-0.007249732335259355,0.009825308335259355,,,,,,,,,,
libraries,libraries/github/BFS levels from one node / fresh,seconds,6,0.0414716105,0.0541357645,31.774813383827194,-12.971016845189506,99.52664977658839,inconclusive,0.013181943833333333,-0.006707409185729223,0.03307129685239589,,,,,,,,,,
libraries,libraries/github/BFS levels from one node / reused,seconds,6,0.013292136,0.0153385195,14.36586009119317,-18.913076349707588,61.30282622149031,inconclusive,0.001892624833333333,-0.003870981203020602,0.0076562308696872675,,,,,,,,,,
libraries,libraries/github/Dijkstra from one node (weighted) / fresh,seconds,6,0.08366127549999999,0.103177699,25.460836967578516,-12.399061829300326,79.68325387033462,inconclusive,0.022349766000000004,-0.012276804018973225,0.05697633601897323,,,,,,,,,,
libraries,libraries/github/Dijkstra from one node (weighted) / reused,seconds,6,0.040670149,0.0427919095,1.3495738560445034,-27.769268700749254,42.20728401940421,inconclusive,0.000265414666666666,-0.013935844707664034,0.014466674040997368,,,,,,,,,,
libraries,libraries/github/PageRank / fresh,seconds,6,0.076192979,0.0730885895,-0.14873958641727417,-24.420328747969698,31.917406374181347,inconclusive,-0.0004781070000000019,-0.022286308114934934,0.02133009411493493,,,,,,,,,,
libraries,libraries/github/PageRank / reused,seconds,6,0.0542529485,0.0557673395,10.077969566112944,-13.888912017190497,40.7154370900186,inconclusive,0.004646403166666664,-0.007771356681541076,0.017064163014874404,,,,,,,,,,
libraries,libraries/github/Core number / fresh,seconds,6,0.055424303,0.0715099535,23.41716708339595,4.232485509725632,46.13291678120481,regression,0.013374903666666669,0.003872069606101449,0.022877737727231888,12,0.051798144,0.052642042,3.6175460541938915,-6.420484360816866,14.732329794165125,inconclusive,0.0020550954166666663,-0.0036935694449594927,0.007803760278292825
libraries,libraries/github/Core number / reused,seconds,6,0.034827119499999996,0.03500869,0.5897918945287133,-37.67974876233251,62.35984342869444,inconclusive,0.0001053865000000016,-0.01614898156031508,0.016359754560315083,,,,,,,,,,
libraries,libraries/github/Local clustering / fresh,seconds,6,0.09757266749999999,0.085778433,-4.044621608203817,-32.26902953389778,35.94127736470117,inconclusive,-0.0035138458333333323,-0.032610235037868925,0.02558254337120226,,,,,,,,,,
libraries,libraries/github/Local clustering / reused,seconds,6,0.06489677699999999,0.047445045500000005,-13.76209729727281,-31.51306918082748,8.589708629242633,inconclusive,-0.008093926166666666,-0.02002368737368586,0.003835835040352526,,,,,,,,,,
libraries,libraries/github/Communities (Leiden / Louvain) / fresh,seconds,6,0.375441007,0.3202036865,-9.985278085166001,-26.130253747193837,9.688344314531784,inconclusive,-0.04118746116666667,-0.1179236180810502,0.03554869574771687,,,,,,,,,,
libraries,libraries/github/Communities (Leiden / Louvain) / reused,seconds,6,0.340134938,0.32855197599999997,-6.205056723056733,-31.792575672834904,28.981433782439602,inconclusive,-0.029019327166666664,-0.14224905013992467,0.08421039580659133,,,,,,,,,,
libraries,libraries/github/Minimum spanning forest (weight) / fresh,seconds,6,0.11617398100000001,0.109141745,-5.513707693667415,-22.494251983015065,15.187062407826572,inconclusive,-0.007103577999999997,-0.026819053523945067,0.012611897523945075,,,,,,,,,,
libraries,libraries/github/Minimum spanning forest (weight) / reused,seconds,6,0.051087852,0.0396725765,-14.99483011692162,-34.47391814048537,10.274850895907651,inconclusive,-0.007758610166666666,-0.019282848664663982,0.003765628331330652,,,,,,,,,,
libraries,libraries/kron/Build graph,seconds,6,1.679341939,1.6693275774999998,-9.611382323363891,-35.63999630310531,26.943780860710138,inconclusive,-0.2673291143333334,-1.0211568113057754,0.4864985826391086,,,,,,,,,,
libraries,libraries/kron/Weakly connected components / fresh,seconds,6,0.18050227149999998,0.15635864700000002,-13.45552007242548,-43.33977424949926,32.190560604466974,inconclusive,-0.030035871499999995,-0.1002313589155348,0.04015961591553481,,,,,,,,,,
libraries,libraries/kron/Weakly connected components / reused,seconds,6,0.037525523500000005,0.0380978005,-6.913572882745441,-33.825794131079924,30.94351189676549,inconclusive,-0.005094196000000001,-0.022681633535309585,0.01249324153530958,,,,,,,,,,
libraries,libraries/kron/Strongly connected components / fresh,seconds,6,0.156835469,0.13571493750000002,-12.536393711823516,-25.884204477986945,3.2152778102619393,inconclusive,-0.020410141666666663,-0.04550863485012484,0.004688351516791516,,,,,,,,,,
libraries,libraries/kron/Strongly connected components / reused,seconds,6,0.061505141,0.057491599000000004,-11.981680587798966,-32.265720069301054,14.376716783210389,inconclusive,-0.010006402333333334,-0.02990029632539699,0.009887491658730322,,,,,,,,,,
libraries,libraries/kron/BFS levels from one node / fresh,seconds,6,0.142863247,0.125112758,5.942356250343416,-24.849450649454862,49.350642741419456,inconclusive,0.015016351833333328,-0.045249465480771175,0.07528216914743784,,,,,,,,,,
libraries,libraries/kron/BFS levels from one node / reused,seconds,6,0.022119618,0.022008569999999998,14.719048565246654,-17.052245482106485,58.65963075439784,inconclusive,0.004637014833333334,-0.00533925793663989,0.014613287603306557,,,,,,,,,,
libraries,libraries/kron/Dijkstra from one node (weighted) / fresh,seconds,6,0.2174122235,0.209742162,-4.323825937432255,-14.979578648887337,7.667430221821214,inconclusive,-0.011312695999999997,-0.03871372448866831,0.016088332488668318,,,,,,,,,,
libraries,libraries/kron/Dijkstra from one node (weighted) / reused,seconds,6,0.058834606,0.052738275,-24.19435784378622,-47.60502564583536,9.676461407775703,inconclusive,-0.021115626000000002,-0.051146233295116944,0.008914981295116937,,,,,,,,,,
libraries,libraries/kron/PageRank / fresh,seconds,6,0.182596603,0.15741789,-16.82423964696148,-34.89496145092872,6.262238138322738,inconclusive,-0.036156254666666665,-0.08413394191540348,0.011821432582070149,,,,,,,,,,
libraries,libraries/kron/PageRank / reused,seconds,6,0.067071177,0.0583991235,-8.37346098036863,-28.529877083919274,17.46758379825126,inconclusive,-0.005840313666666666,-0.020975202233171706,0.009294574899838374,,,,,,,,,,
libraries,libraries/kron/Core number / fresh,seconds,6,0.180347324,0.1583419495,-6.144357216970666,-24.028723605370146,15.950160379802117,inconclusive,-0.011685619666666666,-0.05023540687531275,0.026864167541979414,,,,,,,,,,
libraries,libraries/kron/Core number / reused,seconds,6,0.0851510985,0.0724396955,-22.477904100403048,-34.225720185309214,-8.631833452260219,improved,-0.022063640166666666,-0.03990554065547365,-0.00422173967785968,,,,,,,,,,
libraries,libraries/kron/Local clustering / fresh,seconds,6,0.48713865600000006,0.371036605,-26.952104330308785,-39.304306916433504,-12.086100501011893,improved,-0.14722791766666668,-0.24963327290139828,-0.04482256243193508,,,,,,,,,,
libraries,libraries/kron/Local clustering / reused,seconds,6,0.3679397785,0.284884988,-28.987947319959815,-43.253779540524704,-11.13572701403082,improved,-0.1305863008333333,-0.23925068745038952,-0.021921914216277108,,,,,,,,,,
libraries,libraries/kron/Communities (Leiden / Louvain) / fresh,seconds,6,1.4003379539999998,1.1303391134999998,-24.430640215641336,-35.20467488749806,-11.865121005219137,improved,-0.3693818996666667,-0.6182778443126634,-0.12048595502066992,,,,,,,,,,
libraries,libraries/kron/Communities (Leiden / Louvain) / reused,seconds,6,1.0751295485,1.5045332475,29.239280561053434,7.511923743967055,55.35757391631593,regression,0.3311180158333334,0.1154528318857986,0.5467831997808682,12,0.771124557,0.8039319380000001,2.6416313749493447,-11.998580201982701,19.717437690117244,inconclusive,0.017615937500000022,-0.12483468716466702,0.16006656216466705
libraries,libraries/kron/Minimum spanning forest (weight) / fresh,seconds,6,0.2524864625,0.2779375745,18.179005579724016,-23.175658012520056,81.79494934155797,inconclusive,0.06162898349999999,-0.09147254276987846,0.21473050976987842,,,,,,,,,,
libraries,libraries/kron/Minimum spanning forest (weight) / reused,seconds,6,0.16625719900000002,0.161144842,-4.576651976817938,-30.161358920420454,30.38076353143358,inconclusive,-0.008043342833333333,-0.06287155644040053,0.04678487077373387,,,,,,,,,,
memory,memory/10000/50000/JSON file,bytes,6,9127165.0,9127165.0,0.0,0.0,0.0,unchanged,0,0.0,0.0,,,,,,,,,,
memory,memory/10000/50000/Binary file,bytes,6,3965548.0,3965548.0,0.0,0.0,0.0,unchanged,0,0.0,0.0,,,,,,,,,,
memory,memory/10000/50000/graph,bytes,6,23855104.0,23855104.0,0.0,0.0,0.0,unchanged,0,0.0,0.0,,,,,,,,,,
memory,memory/10000/50000/graph_no_attrs,bytes,6,8400896.0,8400896.0,0.0,0.0,0.0,unchanged,0,0.0,0.0,,,,,,,,,,
memory,memory/10000/50000/load_json,bytes,6,70137856.0,70326272.0,0.22677278198235826,0.09336514595420527,0.3603582279714878,regression,159061.33333333334,65578.68137581222,252543.98529085447,12,70197248.0,70139904.0,0.022846491706978354,-0.13151692040627871,0.17744849824226405,inconclusive,16042.666666666666,-92358.81809627911,124444.15142961245
memory,memory/10000/50000/save_json,bytes,6,12613632.0,12642304.0,0.1572155514184243,-0.39071183078543864,0.708156953917852,inconclusive,19797.333333333332,-49695.6340610209,89290.30072768756,,,,,,,,,,
memory,memory/100000/500000/JSON file,bytes,6,95167868.0,95167868.0,0.0,0.0,0.0,unchanged,0,0.0,0.0,,,,,,,,,,
memory,memory/100000/500000/Binary file,bytes,6,43525674.0,43525674.0,0.0,0.0,0.0,unchanged,0,0.0,0.0,,,,,,,,,,
memory,memory/100000/500000/graph,bytes,6,239898624.0,239894528.0,-0.0017073878674658584,-0.0028406112711566074,-0.0005741516214574825,improved,-4096,-6814.602755954753,-1377.3972440452467,,,,,,,,,,
memory,memory/100000/500000/graph_no_attrs,bytes,6,85331968.0,85331968.0,0.0,0.0,0.0,unchanged,0,0.0,0.0,,,,,,,,,,
memory,memory/100000/500000/load_json,bytes,6,696864768.0,696930304.0,0.007052273044250384,-0.0203910842928649,0.034503163296027976,inconclusive,49152,-142099.33692407218,240403.33692407218,,,,,,,,,,
memory,memory/100000/500000/save_json,bytes,6,129429504.0,129429504.0,-0.006851826322254827,-0.09274155020785659,0.07911173648940306,inconclusive,-8874.666666666666,-120152.1175843644,102402.78425103106,,,,,,,,,,
