workload,before_ms,after_ms,speedup,change_percent,ci_low_percent,ci_high_percent
128/1/suffix/common_neighbors,0.14618283478588345,0.03448010146378113,4.228516202333512,-76.35104248984197,-78.84833553638788,-73.55890396808275
128/1/suffix/jaccard,0.14317940039471266,0.03498725571868473,4.092230573219388,-75.56344927032563,-77.00786305833162,-74.02829440869631
128/1/suffix/adamic_adar,0.1463232479649846,0.03877752070059348,3.779627040547003,-73.54236306195767,-75.08650226514072,-71.90251807293187
4096/8/spread/common_neighbors,3.8178590981555858,0.423315575177129,9.017413159487567,-88.91034510326433,-89.69199370723051,-88.06942465538097
4096/8/spread/jaccard,4.007940871730824,0.41993204658937844,9.530169089081184,-89.50700674192957,-90.08820483865982,-88.8917289227934
4096/8/spread/adamic_adar,3.7589195521589644,0.4353865289942653,8.63782826849972,-88.42301596054205,-89.40031328305956,-87.35561125257951
32768/8/spread/common_neighbors,29.234542642857146,1.8915019253080119,15.465315580422105,-93.53391791586895,-93.98709913997455,-93.04658126052266
32768/8/spread/jaccard,32.13073967857142,1.8922185979045911,16.96118216789651,-94.10418454267437,-94.58703557366282,-93.57826189699136
32768/8/spread/adamic_adar,28.59104825297619,1.89470266330415,15.083252288725191,-93.37013012274876,-93.55501845641407,-93.17993786451913
4096/8/prefix/common_neighbors,0.2215164477324874,0.22642894094370827,0.97918510502029,2.1257364795473186,-2.329715804882136,6.784434359322547
4096/8/prefix/jaccard,0.22374854833536262,0.237244154976512,0.9472746735835426,5.566001909139763,-5.176411835747041,17.525406650680672
4096/8/prefix/adamic_adar,0.2643025230357075,0.2690957834197078,0.982615370992657,1.7692201364386095,-0.913268979885352,4.524329953689074
4096/8/disjoint/common_neighbors,3.5581405833837776,0.42362382684199706,8.400325878415186,-88.09569992314796,-88.38101752996945,-87.80337601117263
4096/8/disjoint/jaccard,3.633388186151584,0.43119825053189065,8.420142898665231,-88.12371699584195,-88.8478689822874,-87.35254295606518
4096/8/disjoint/adamic_adar,3.6679070817305788,0.42792316032184685,8.553813355360244,-88.30930769171681,-89.09904208068903,-87.46235994500651
4096/128/spread/common_neighbors,6.678340293116621,2.7385136149913407,1.8627262285248258,-46.31524564981599,-73.7828799862845,9.930184861336919
4096/128/spread/jaccard,3.8989377842600694,2.6993194659893214,1.4430242293886177,-30.701094296685426,-34.56344943425685,-26.61076584634385
4096/128/spread/adamic_adar,5.031299666821522,2.6084864088524027,1.9258287345074225,-48.07430265829042,-51.018709452350784,-44.952899070720186
128/128/spread/common_neighbors,0.18236354254676881,0.15942025692042602,1.1210293167896401,-10.796266875182106,-28.94550944251199,11.98878411443568
128/128/spread/jaccard,0.17049609867200466,0.15952759650573145,1.0633068214992882,-5.953768020600491,-16.353184614227743,5.738559307153825
128/128/spread/adamic_adar,0.9008106122936402,0.919357369200597,0.9769843442991326,2.355785518485282,-10.060033843813585,16.485554496570526
4096/4096/spread/common_neighbors,4.855319196544715,4.812289338381443,1.0082903445600575,-0.8222179856016257,-5.666235096346603,4.270538288614198
4096/4096/spread/jaccard,4.946676433330875,4.775777330261128,1.033057911377656,-3.200005635073329,-11.56832944190931,5.960215948815906
4096/4096/spread/adamic_adar,28.02159950892857,29.272705952380957,0.9576106527580308,4.426574320145975,-3.0565136414414034,12.48728340455684
