timestamp,date,time,graph_size,execution_time_seconds,memory_usage_mb,branch_factor,depth,nodes_traversed
2025-05-24T09:45:35.348524,2025-05-24,09:45:35,15,5.14984130859375e-05,0,2,3,15
2025-05-24T09:45:35.348524,2025-05-24,09:45:35,156,0.0003066062927246094,0,5,3,156
2025-05-24T09:45:35.348524,2025-05-24,09:45:35,1111,0.0017364025115966797,0,10,3,1111
2025-05-24T09:45:35.348524,2025-05-24,09:45:35,8421,0.013309240341186523,0,20,3,8421
2025-05-24T09:45:35.348524,2025-05-24,09:45:35,127551,0.09318280220031738,0,50,3,127551
2025-05-24T09:54:53.530749,2025-05-24,09:54:53,15,2.1219253540039062e-05,0,2,3,15
2025-05-24T09:54:53.530749,2025-05-24,09:54:53,156,8.749961853027344e-05,0,5,3,156
2025-05-24T09:54:53.530749,2025-05-24,09:54:53,1111,0.0005404949188232422,0,10,3,1111
2025-05-24T09:54:53.530749,2025-05-24,09:54:53,8421,0.004395008087158203,0,20,3,8421
2025-05-24T09:54:53.530749,2025-05-24,09:54:53,127551,0.10019159317016602,0,50,3,127551
2025-05-24T09:57:57.180912,2025-05-24,09:57:57,15,2.4557113647460938e-05,0,2,3,15
2025-05-24T09:57:57.180912,2025-05-24,09:57:57,156,0.00011658668518066406,0,5,3,156
2025-05-24T09:57:57.180912,2025-05-24,09:57:57,1111,0.0005304813385009766,0,10,3,1111
2025-05-24T09:57:57.180912,2025-05-24,09:57:57,8421,0.005089998245239258,0,20,3,8421
2025-05-24T09:57:57.180912,2025-05-24,09:57:57,127551,0.10284566879272461,0,50,3,127551
2025-05-24T09:58:59.866970,2025-05-24,09:58:59,15,1.8835067749023438e-05,0,2,3,15
2025-05-24T09:58:59.866970,2025-05-24,09:58:59,156,7.104873657226562e-05,0,5,3,156
2025-05-24T09:58:59.866970,2025-05-24,09:58:59,1111,0.00048804283142089844,0,10,3,1111
2025-05-24T09:58:59.866970,2025-05-24,09:58:59,8421,0.0047054290771484375,0,20,3,8421
2025-05-24T09:58:59.866970,2025-05-24,09:58:59,127551,0.07635235786437988,0,50,3,127551
2025-05-24T09:59:09.468473,2025-05-24,09:59:09,15,2.5272369384765625e-05,0,2,3,15
2025-05-24T09:59:09.468473,2025-05-24,09:59:09,156,0.00010323524475097656,0,5,3,156
2025-05-24T09:59:09.468473,2025-05-24,09:59:09,1111,0.0006835460662841797,0,10,3,1111
2025-05-24T09:59:09.468473,2025-05-24,09:59:09,8421,0.008154153823852539,0,20,3,8421
2025-05-24T09:59:09.468473,2025-05-24,09:59:09,127551,0.10330891609191895,0,50,3,127551
2025-05-24T17:02:22.455363,2025-05-24,17:02:22,15,1.9788742065429688e-05,0,2,3,15
2025-05-24T17:02:22.455363,2025-05-24,17:02:22,156,7.367134094238281e-05,0,5,3,156
2025-05-24T17:02:22.455363,2025-05-24,17:02:22,1111,0.0004475116729736328,0,10,3,1111
2025-05-24T17:02:22.455363,2025-05-24,17:02:22,8421,0.0034329891204833984,0,20,3,8421
2025-05-24T17:02:22.455363,2025-05-24,17:02:22,127551,0.08087897300720215,0,50,3,127551
