timestamp,date,time,graph_size,execution_time_seconds,memory_usage_mb,cycles_per_node,total_edges,nodes_traversed
2025-05-24T09:52:11.013082,2025-05-24,09:52:11,50,0.00015687942504882812,0,2,100,50
2025-05-24T09:52:11.013082,2025-05-24,09:52:11,100,0.0002086162567138672,0,2,200,100
2025-05-24T09:52:11.013082,2025-05-24,09:52:11,200,0.0003230571746826172,0,2,400,200
2025-05-24T09:52:11.013082,2025-05-24,09:52:11,500,0.001140594482421875,0,2,1000,500
2025-05-24T09:52:11.013082,2025-05-24,09:52:11,1000,0.0029544830322265625,0,2,2000,1000
2025-05-24T09:54:53.530749,2025-05-24,09:54:53,50,8.463859558105469e-05,0,2,100,50
2025-05-24T09:54:53.530749,2025-05-24,09:54:53,100,8.988380432128906e-05,0,2,200,100
2025-05-24T09:54:53.530749,2025-05-24,09:54:53,200,0.00014066696166992188,0,2,400,200
2025-05-24T09:54:53.530749,2025-05-24,09:54:53,500,0.0003421306610107422,0,2,1000,500
2025-05-24T09:54:53.530749,2025-05-24,09:54:53,1000,0.0006704330444335938,0,2,2000,1000
2025-05-24T09:58:59.866970,2025-05-24,09:58:59,50,8.058547973632812e-05,0,2,100,50
2025-05-24T09:58:59.866970,2025-05-24,09:58:59,100,9.34600830078125e-05,0,2,200,100
2025-05-24T09:58:59.866970,2025-05-24,09:58:59,200,0.0001888275146484375,0,2,400,200
2025-05-24T09:58:59.866970,2025-05-24,09:58:59,500,0.0004258155822753906,0,2,1000,500
2025-05-24T09:58:59.866970,2025-05-24,09:58:59,1000,0.0007948875427246094,0,2,2000,1000
2025-05-24T09:59:09.468473,2025-05-24,09:59:09,50,9.298324584960938e-05,0,2,100,50
2025-05-24T09:59:09.468473,2025-05-24,09:59:09,100,0.000110626220703125,0,2,200,100
2025-05-24T09:59:09.468473,2025-05-24,09:59:09,200,0.00020074844360351562,0,2,400,200
2025-05-24T09:59:09.468473,2025-05-24,09:59:09,500,0.00048732757568359375,0,2,1000,500
2025-05-24T09:59:09.468473,2025-05-24,09:59:09,1000,0.0010156631469726562,0,2,2000,1000
2025-05-24T17:02:22.455363,2025-05-24,17:02:22,50,5.4836273193359375e-05,0,2,100,50
2025-05-24T17:02:22.455363,2025-05-24,17:02:22,100,7.367134094238281e-05,0,2,200,100
2025-05-24T17:02:22.455363,2025-05-24,17:02:22,200,0.0001270771026611328,0,2,400,200
2025-05-24T17:02:22.455363,2025-05-24,17:02:22,500,0.0003314018249511719,0,2,1000,500
2025-05-24T17:02:22.455363,2025-05-24,17:02:22,1000,0.0006620883941650391,0,2,2000,1000
