timestamp,date,time,graph_size,execution_time_seconds,memory_usage_mb,total_graph_size,depth_limit,nodes_traversed
2025-05-24T09:54:53.530749,2025-05-24,09:54:53,10,0.000118255615234375,0,10000,10,11
2025-05-24T09:54:53.530749,2025-05-24,09:54:53,50,0.00010037422180175781,0,10000,50,51
2025-05-24T09:54:53.530749,2025-05-24,09:54:53,100,8.7738037109375e-05,0,10000,100,101
2025-05-24T09:54:53.530749,2025-05-24,09:54:53,500,0.00031566619873046875,0,10000,500,501
2025-05-24T09:54:53.530749,2025-05-24,09:54:53,1000,0.0005552768707275391,0,10000,1000,1001
2025-05-24T09:58:59.866970,2025-05-24,09:58:59,10,3.4332275390625e-05,0,10000,10,11
2025-05-24T09:58:59.866970,2025-05-24,09:58:59,50,0.00010919570922851562,0,10000,50,51
2025-05-24T09:58:59.866970,2025-05-24,09:58:59,100,8.726119995117188e-05,0,10000,100,101
2025-05-24T09:58:59.866970,2025-05-24,09:58:59,500,0.00034880638122558594,0,10000,500,501
2025-05-24T09:58:59.866970,2025-05-24,09:58:59,1000,0.0005764961242675781,0,10000,1000,1001
2025-05-24T09:59:09.468473,2025-05-24,09:59:09,10,3.62396240234375e-05,0,10000,10,11
2025-05-24T09:59:09.468473,2025-05-24,09:59:09,50,7.987022399902344e-05,0,10000,50,51
2025-05-24T09:59:09.468473,2025-05-24,09:59:09,100,0.00011682510375976562,0,10000,100,101
2025-05-24T09:59:09.468473,2025-05-24,09:59:09,500,0.0004143714904785156,0,10000,500,501
2025-05-24T09:59:09.468473,2025-05-24,09:59:09,1000,0.0007958412170410156,0,10000,1000,1001
2025-05-24T17:02:22.455363,2025-05-24,17:02:22,10,3.600120544433594e-05,0,10000,10,11
2025-05-24T17:02:22.455363,2025-05-24,17:02:22,50,8.463859558105469e-05,0,10000,50,51
2025-05-24T17:02:22.455363,2025-05-24,17:02:22,100,7.367134094238281e-05,0,10000,100,101
2025-05-24T17:02:22.455363,2025-05-24,17:02:22,500,0.00032329559326171875,0,10000,500,501
2025-05-24T17:02:22.455363,2025-05-24,17:02:22,1000,0.0005316734313964844,0,10000,1000,1001
