workload,seconds_per_call,iterations
128/1/suffix/common_neighbors,0.00014805926572908956,1351
128/1/suffix/jaccard,0.00014309590057224607,1398
128/1/suffix/adamic_adar,0.0001497509258982036,1336
4096/8/spread/common_neighbors,0.003855211269230769,52
4096/8/spread/jaccard,0.004265261702127659,47
4096/8/spread/adamic_adar,0.003770828351851852,54
32768/8/spread/common_neighbors,0.029972831714285716,7
32768/8/spread/jaccard,0.03271336914285714,7
32768/8/spread/adamic_adar,0.028319940625,8
4096/8/prefix/common_neighbors,0.00022121728839779006,905
4096/8/prefix/jaccard,0.00022314165217391304,897
4096/8/prefix/adamic_adar,0.000263802558629776,759
4096/8/disjoint/common_neighbors,0.0035291925263157896,57
4096/8/disjoint/jaccard,0.0035225043508771933,57
4096/8/disjoint/adamic_adar,0.0034901633448275863,58
4096/128/spread/common_neighbors,0.004106648653061224,49
4096/128/spread/jaccard,0.004224360270833333,48
4096/128/spread/adamic_adar,0.0050823077250000005,40
128/128/spread/common_neighbors,0.0001709774452991453,1170
128/128/spread/jaccard,0.0001815717549909256,1102
128/128/spread/adamic_adar,0.000864170474137931,232
4096/4096/spread/common_neighbors,0.0046050212272727275,44
4096/4096/spread/jaccard,0.004499448155555556,45
4096/4096/spread/adamic_adar,0.026926515875,8
