suite,name,unit,series,n,before,after,change_percent,ci_low,ci_high,status,absolute_diff,absolute_ci_low,absolute_ci_high,repeat_n,repeat_before,repeat_after,repeat_change_percent,repeat_ci_low,repeat_ci_high,repeat_status,repeat_absolute_diff,repeat_absolute_ci_low,repeat_absolute_ci_high
focused,create_nodes/1000/false,seconds,primary,6,0.0002660970145544501,0.00035218946690265167,17.56622867653722,-13.863188833702297,60.46354558609238,inconclusive,8.609245234820155e-05,-0.00010858192369530095,0.0002807668283917041,6,0.00028981782877937113,0.0002900642096525872,0.06062801523251966,-10.872526006864355,12.334938153569144,inconclusive,2.4638087321606964e-07,-3.5488558994115654e-05,3.598132074054779e-05
focused,create_nodes/1000/true,seconds,primary,6,0.0004381476237500844,0.0002576285634019313,-22.81757479236565,-59.613013122587546,47.50114384650364,inconclusive,-0.00018051906034815304,-0.0006688064433348806,0.0003077683226385745,6,0.00024767448959819627,0.0002086659060213913,-13.338402305997613,-35.72522515022193,16.845722640490134,inconclusive,-3.9008583576804986e-05,-0.00011436580719061896,3.634864003700899e-05
focused,duplicate_nodes/1000/control,seconds,primary,6,0.00012596674226071077,0.00014318296458648013,4.302563661918004,-22.47991427224462,40.33814184177715,inconclusive,1.7216222325769363e-05,-5.370862550168477e-05,8.814107015322349e-05,6,0.00012646446996592944,0.00014871585102274964,-2.386193515271569,-50.70858334353686,93.30860954649862,inconclusive,2.2251381056820203e-05,-0.00012125616119880857,0.00016575892331244897
focused,create_edges/1000/chain,seconds,primary,6,0.000722284683243044,0.002053322464184438,43.73491538862028,-69.45973849532344,576.4750818721789,inconclusive,0.0013310377809413942,-0.00311806347568196,0.005780139037564748,6,0.0003317580394348664,0.0003144270401532136,-2.9031326693738824,-30.314267433442826,35.29027102379489,inconclusive,-1.7330999281652757e-05,-0.00014203161724491646,0.00010736961868161094
focused,bfs/1000/chain/None,seconds,primary,6,5.059877818545787e-05,3.519613541716671e-05,-32.69553754527593,-40.78581777563468,-23.499903297568252,improved,-1.540264276829116e-05,-1.75609140833236e-05,-1.3244371453258718e-05,6,4.97863451228643e-05,7.104004386775861e-05,-10.213465186255597,-62.32200725310775,113.96102196884341,inconclusive,2.1253698744894307e-05,-7.740441664146974e-05,0.00011991181413125836
focused,dfs/1000/chain/None,seconds,primary,6,0.00015355056433262882,3.31003449659318e-05,-52.74821234368996,-85.81875061154568,57.44250563245821,inconclusive,-0.00012045021936669704,-0.00040337258660796277,0.0001624721478745687,6,5.3827411921245416e-05,3.2653599717805995e-05,-38.68282794382908,-51.7788718494436,-22.03011971791279,improved,-2.1173812203439425e-05,-3.3940946897195185e-05,-8.406677509683664e-06
focused,bfs/1000/chain/Some(3),seconds,primary,6,3.3068270750941204e-07,3.009188767574392e-07,-4.373650696606276,-28.003374593513158,27.01149018396584,inconclusive,-2.97638307519728e-08,-1.5688765180734614e-07,9.735999030340055e-08,6,3.010925749951917e-07,3.089332664685459e-07,3.1683815039098553,-28.979327166447217,49.86784153793325,inconclusive,7.840691473354231e-09,-1.1380974629259917e-07,1.2949112923930764e-07
focused,dfs/1000/chain/Some(3),seconds,primary,6,2.832769544926303e-07,2.909643218974579e-07,3.819910345205783,-11.773156718772295,22.16887041656127,inconclusive,7.687367404827554e-09,-4.3931806663985564e-08,5.930654147364067e-08,6,3.258122229653882e-07,3.6859232012635174e-07,9.385945935478881,-36.94447068470839,89.75790542286043,inconclusive,4.278009716096353e-08,-1.6162732104728556e-07,2.471875153692126e-07
focused,create_edges/1000/random,seconds,primary,6,0.0007684480064788144,0.0008129969997351766,6.7399691811961215,-12.081667115312682,29.59095841530775,inconclusive,4.4548993256362135e-05,-0.00011684312840796237,0.00020594111492068664,6,0.0007291750211152447,0.0008608888122158264,14.73225785459252,-13.78811739747021,52.68766433394691,inconclusive,0.00013171379110058165,-0.00015828135147323729,0.0004217089336744006
focused,bfs/1000/random/None,seconds,primary,6,0.0001244254588548277,9.432895281817312e-05,-22.45794211199478,-35.161246160202545,-7.265788044554197,improved,-3.0096506036654574e-05,-5.926575869756165e-05,-9.272533757475002e-07,6,0.00012153501232140859,0.00013590622309071393,4.201342463212229,-34.57747475442795,65.96607560437336,inconclusive,1.437121076930534e-05,-6.389116875679963e-05,9.263359029541032e-05
focused,dfs/1000/random/None,seconds,primary,6,0.00013767307354589176,0.00012222945284603745,-6.831662405735186,-30.328861961364723,24.590172838361315,inconclusive,-1.5443620699854312e-05,-6.8775892010757e-05,3.788865061104838e-05,6,0.00013318399478328246,0.00015826533144675588,16.132431146510314,-12.00127376702379,53.26064525403328,inconclusive,2.508133666347344e-05,-1.9405307259221343e-05,6.956798058616822e-05
focused,bfs/1000/random/Some(3),seconds,primary,6,1.441930100787727e-05,1.1822394612211376e-05,-16.135594484091712,-30.15602031009257,0.6992806504269568,inconclusive,-2.596906395665892e-06,-6.0992413407799535e-06,9.054285494481697e-07,6,1.2597707723113229e-05,1.1880713436548032e-05,-6.134723045199547,-23.44247698812109,15.085884066994934,inconclusive,-7.169942865651979e-07,-3.21088997110238e-06,1.776901397971984e-06
focused,dfs/1000/random/Some(3),seconds,primary,6,1.4127810418124493e-05,1.0388316055420579e-05,-24.008702067284453,-40.47782325631663,-2.9827590753968707,improved,-3.739494362703916e-06,-8.290798639695948e-06,8.118099142881159e-07,6,1.2759523750019926e-05,1.0674788334815606e-05,-17.163833112284525,-28.480908896128216,-4.055959901901281,improved,-2.08473541520432e-06,-3.6083873609586113e-06,-5.610834694500287e-07
focused,create_edges/1000/hub,seconds,primary,6,0.00038234036593999066,0.00041585542600363023,7.996780440224985,0.7234356019496763,15.795341131398008,regression,3.351506006363958e-05,-5.929680624028604e-07,6.762308818968202e-05,6,0.0003506827274103149,0.0003523261466562314,0.9107185169048413,-10.57125720136753,13.866893270848015,inconclusive,1.6434192459164954e-06,-4.0887836520292946e-05,4.417467501212594e-05
focused,bfs/1000/hub/None,seconds,primary,6,5.387072167229369e-05,4.527168963735733e-05,-16.573231923720254,-22.989887291298817,-9.621926434773634,improved,-8.599032034936358e-06,-1.1698186352520177e-05,-5.4998777173525385e-06,6,5.5718374238368726e-05,4.5365234756308465e-05,-18.02875214560136,-31.525167607024844,-1.8721880727584443,improved,-1.0353139482060256e-05,-2.0452766202088768e-05,-2.5351276203174225e-07
focused,dfs/1000/hub/None,seconds,primary,6,6.07886507183422e-05,4.889821793696069e-05,-18.884031952070206,-34.38071118036451,0.27234965070011075,inconclusive,-1.189043278138151e-05,-2.6234878267103974e-05,2.4540127043409537e-06,6,6.366513209766871e-05,5.312673172021017e-05,-16.49472824861179,-29.389588973101567,-1.2450103481646646,improved,-1.0538400377458531e-05,-2.0764804216628997e-05,-3.1199653828806455e-07
focused,bfs/1000/hub/Some(3),seconds,primary,6,5.8077782896281305e-05,4.660946879729348e-05,-18.36621927724721,-36.23934036991668,4.517020271638886,inconclusive,-1.1468314098987828e-05,-2.8464110149787997e-05,5.52748195181234e-06,6,5.241790748791337e-05,5.008094033675552e-05,-8.947479654234755,-39.48442170432052,36.99879757916648,inconclusive,-2.3369671511578507e-06,-2.734228661972452e-05,2.2668352317408816e-05
focused,dfs/1000/hub/Some(3),seconds,primary,6,5.774618304958852e-05,3.973277269399696e-05,-26.46286036249932,-49.321858712352224,6.706970079491496,inconclusive,-1.8013410355591553e-05,-4.7348287229881394e-05,1.1321466518698284e-05,6,5.346383543052119e-05,0.00016492401794372696,79.38111817287621,-49.02654022308594,531.2615564604984,inconclusive,0.00011146018251320575,-0.00012050396307918314,0.00034342432810559467
focused,create_edges/1000/isolated,seconds,primary,6,0.00021899667079794806,0.00019367810172333917,-4.868669827953025,-31.703511379481785,32.510033284260906,inconclusive,-2.5318569074608878e-05,-0.00012720773905850982,7.657060090929207e-05,6,0.0001696263005853558,0.00020763020191373645,18.08621898422174,-22.478313627398368,79.87682887814348,inconclusive,3.800390132838064e-05,-6.208709037085317e-05,0.00013809489302761443
focused,bfs/1000/isolated/None,seconds,primary,6,1.1039963403539391e-07,1.1024723674290624e-07,2.0384354342166393,-18.965904184109135,28.48717815669174,inconclusive,-1.5239729248766986e-10,-3.135345729897945e-08,3.1048662714004114e-08,6,1.1097020087351184e-07,1.2109798887751398e-07,9.16958278263211,-24.269966593200632,57.37478604973013,inconclusive,1.0127788004002155e-08,-3.492645665822086e-08,5.518203266622516e-08
focused,dfs/1000/isolated/None,seconds,primary,6,4.771065927183188e-07,1.259296821826483e-07,-28.88160208848093,-79.48745102662859,146.5723069359656,inconclusive,-3.511769105356705e-07,-1.2966780319878967e-06,5.943242109165556e-07,6,1.2145986973037976e-07,1.3300545372556556e-07,9.086208265340408,-3.0918180785139735,22.79459378724403,inconclusive,1.1545583995185787e-08,-3.7508712891855105e-09,2.6842039279557082e-08
focused,bfs/1000/isolated/Some(3),seconds,primary,6,1.183672440299131e-07,1.2000900579949152e-07,1.3641637046989548,-23.503860272661008,34.31649910931298,inconclusive,1.6417617695784172e-09,-3.3545943485778345e-08,3.682946702493518e-08,6,1.1213561459645286e-07,1.1564824519185399e-07,5.102409448057122,-25.153518717628685,47.58898858734788,inconclusive,3.5126305954011296e-09,-3.6826134257685447e-08,4.385139544848771e-08
focused,dfs/1000/isolated/Some(3),seconds,primary,6,1.3442380811521449e-07,1.3098046113786504e-07,-0.5492131538482523,-27.002421906171175,35.49023491718889,inconclusive,-3.4433469773494555e-09,-5.022557280582088e-08,4.3338878851121975e-08,6,1.1716316003688756e-07,1.3449853734446507e-07,13.246300978079983,-11.878881115029255,45.53520027314548,inconclusive,1.7335377307577496e-08,-1.5111820331101704e-08,4.9782574946256696e-08
focused,create_nodes/20000/false,seconds,primary,6,0.013218115961078043,0.008816572104434699,-5.48271504431486,-59.13884143572544,118.63102930235745,inconclusive,-0.004401543856643345,-0.02247255434332979,0.013669466630043103,6,0.00663982827457265,0.007918812079734848,13.269847551469605,-27.176874667126338,76.18110051837402,inconclusive,0.0012789838051621989,-0.0023723653458061177,0.004930332956130515
focused,create_nodes/20000/true,seconds,primary,6,0.005607097446096866,0.005540686660315639,4.248900458026473,-34.14141396159215,65.017712958027,inconclusive,-6.641078578122665e-05,-0.0035403514696249866,0.003407529898062533,6,0.004624178742522643,0.0048849668206015035,5.12155303244152,-27.419966448271694,52.25317998890997,inconclusive,0.0002607880780788613,-0.0016982682638458514,0.002219844420003574
focused,duplicate_nodes/20000/control,seconds,primary,6,0.002563504551447289,0.0034180889349449926,26.527716086583386,-15.56214313463771,89.5981676040655,inconclusive,0.0008545843834977031,-0.0006667627535384037,0.00237593152053381,6,0.0026280214085014414,0.002675498466689671,0.08705586980497294,-22.0184446057257,28.458822115530396,inconclusive,4.747705818822968e-05,-0.0006792435191440793,0.0007741976355205388
focused,create_edges/20000/chain,seconds,primary,6,0.00738534666787854,0.017031506065213586,43.0542390360438,-47.57437830412067,290.3533166453622,inconclusive,0.009646159397335045,-0.016083179516034524,0.03537549831070461,6,0.007251337897875817,0.012247179178046219,27.72388515438341,-45.604059802175215,199.90088928699996,inconclusive,0.004995841280170402,-0.00929991919113103,0.019291601751471835
focused,bfs/20000/chain/None,seconds,primary,6,0.0009384902182945455,0.0005749179864497411,-38.05954357195271,-46.894886963897,-27.754223215633957,improved,-0.00036357223184480436,-0.0005487373141988006,-0.00017840714949080808,6,0.0009639727498785638,0.0005523312547960258,-42.70497430454648,-46.84968464879055,-38.237055645842375,improved,-0.0004116414950825379,-0.00047354266068869985,-0.000349740329476376
focused,dfs/20000/chain/None,seconds,primary,6,0.0010514566205947647,0.0007569301693360007,-27.99456871864599,-34.30842863769935,-21.073860367583492,improved,-0.000294526451258764,-0.00039519218343632705,-0.000193860719081201,6,0.0008770363963125085,0.0006688303275292945,-23.81652508104508,-31.63869458540891,-15.099312168953405,improved,-0.00020820606878321407,-0.0002894032384440505,-0.00012700889912237764
focused,bfs/20000/chain/Some(3),seconds,primary,6,3.560900192080243e-07,1.5899828576907566e-06,52.950246949262294,-56.69269517009759,440.18088019385607,inconclusive,1.2338928384827324e-06,-2.0268695399190546e-06,4.494655216884519e-06,6,2.810633938635633e-07,3.197032934272049e-07,13.556971612744876,1.3865194376898002,27.188366593281444,regression,3.86398995636416e-08,4.306886728448365e-09,7.297291239883483e-08
focused,dfs/20000/chain/Some(3),seconds,primary,6,3.900355096833515e-07,3.0469076873251144e-07,-17.32146160346695,-45.65564047251161,25.78565228888831,inconclusive,-8.534474095084004e-08,-2.6560648746432935e-07,9.491700556264927e-08,6,6.143986039950334e-07,2.6964570632901097e-07,-33.705723098501004,-71.5654180459805,54.56288954764666,inconclusive,-3.4475289766602247e-07,-1.1706680653313364e-06,4.811622699992915e-07
focused,create_edges/20000/random,seconds,primary,6,0.044661705263888886,0.027913542422222222,-14.349018564175633,-56.09603530654624,67.09403517750572,inconclusive,-0.016748162841666667,-0.06711505857307498,0.03361873288974164,6,0.026926741100000002,0.026626573541666667,-1.4255771774968995,-17.619600241214247,17.95180483757394,inconclusive,-0.0003001675583333349,-0.005155308620501429,0.004554973503834759
focused,bfs/20000/random/None,seconds,primary,6,0.0077154296650613465,0.005046733350404125,-27.60853209970647,-44.82311200399127,-5.023193313506433,improved,-0.002668696314657221,-0.006726909960732867,0.0013895173314184247,6,0.007219250916773067,0.005982764690242205,-10.659722629709947,-42.72799460237701,39.36451334619464,inconclusive,-0.0012364862265308613,-0.005359168660038026,0.002886196206976304
focused,dfs/20000/random/None,seconds,primary,6,0.005839555863824787,0.003953787448423458,-23.46116805160591,-48.037092782149074,12.737972328307972,inconclusive,-0.001885768415401328,-0.005541269259127261,0.0017697324283246052,6,0.004693851749545388,0.005093234417969577,3.3613965405358277,-20.30408616025233,34.05427932343434,inconclusive,0.00039938266842418817,-0.0011566567342919606,0.0019554220711403367
focused,bfs/20000/random/Some(3),seconds,primary,6,1.5476427898296716e-05,1.56344880476735e-05,6.101820047943547,-17.0936925362052,35.78696919293372,inconclusive,1.5806014937678184e-07,-4.906737254319427e-06,5.222857553072991e-06,6,1.41044344039106e-05,1.9121617171206792e-05,28.39747156390322,-4.979332558973214,73.49815727441697,inconclusive,5.017182767296194e-06,-2.602989718207677e-06,1.2637355252800065e-05
focused,dfs/20000/random/Some(3),seconds,primary,6,3.748333581203474e-05,1.3699978486142753e-05,-35.64318511065026,-73.95837957265141,59.045387911128635,inconclusive,-2.378335732589199e-05,-8.155975731332103e-05,3.399304266153705e-05,6,1.6239588963656526e-05,1.8008339982069784e-05,3.203567557512067,-37.96777869002387,71.70070862648681,inconclusive,1.768751018413257e-06,-1.0174225110305198e-05,1.3711727147131713e-05
focused,create_edges/20000/hub,seconds,primary,6,0.009787417229242978,0.008415676230677656,-8.752939988341067,-29.815081337010476,18.629844122934532,inconclusive,-0.0013717409985653237,-0.005031872965054523,0.002288390967923876,6,0.009757293871669997,0.009851340015934065,-1.3332058929116053,-36.953042868827815,54.41088202109676,inconclusive,9.404614426406956e-05,-0.005341465935702509,0.005529558224230648
focused,bfs/20000/hub/None,seconds,primary,6,0.001668939844947176,0.0008783458663977538,-42.177641719792916,-58.50629745993099,-19.42331215547696,improved,-0.0007905939785494221,-0.0016414568125425156,6.026885544367145e-05,6,0.0013433224823121092,0.0009091949380059108,-29.494743555736854,-59.14061817935359,21.660949450768445,inconclusive,-0.0004341275443061984,-0.001298178294448817,0.0004299232058364201
focused,dfs/20000/hub/None,seconds,primary,6,0.0016882359524694297,0.0011478638845201677,-25.235639651877378,-53.142448851553205,19.291543012042673,inconclusive,-0.0005403720679492621,-0.0016215116031298065,0.0005407674672312824,6,0.0014472683378795844,0.0016115253159290498,-10.294395726139935,-52.632306180515876,69.8857341209275,inconclusive,0.00016425697804946539,-0.0013625614513870766,0.0016910754074860074
focused,bfs/20000/hub/Some(3),seconds,primary,6,0.001968864320753323,0.0008409826348395426,-48.715097387863,-69.59645440861817,-13.492285693089876,improved,-0.0011278816859137805,-0.0027515337745302104,0.0004957704027026492,6,0.0012662846320508445,0.0013366790518973303,-16.100992992283388,-63.23274776190204,91.44871994505684,inconclusive,7.039441984648587e-05,-0.001450580658526008,0.0015913694982189796
focused,dfs/20000/hub/Some(3),seconds,primary,6,0.0013800505864781712,0.0007557001772138809,-37.06279023613608,-61.213086891332665,2.1244552708542743,inconclusive,-0.0006243504092642902,-0.001613343461404145,0.00036464264287556483,6,0.001007806231678187,0.0007355195236497154,-26.911972996518173,-40.599529033443226,-10.070415194700653,improved,-0.00027228670802847174,-0.00046615549069718406,-7.841792535975942e-05
focused,create_edges/20000/isolated,seconds,primary,6,0.006411851534882992,0.004562618336048557,-18.302927714237654,-47.55216363071445,27.25809265172549,inconclusive,-0.0018492331988344349,-0.006261551759973802,0.002563085362304933,6,0.004796847930269514,0.004756171378845929,-0.9972871803821235,-15.180063671116411,15.556997209228381,inconclusive,-4.067655142358538e-05,-0.0007593899235789749,0.000678036820731804
focused,bfs/20000/isolated/None,seconds,primary,6,1.2560660265627113e-07,1.0741365655388257e-07,-6.7145912189372225,-36.247088669978766,36.49835450498298,inconclusive,-1.8192946102388557e-08,-8.5184968934049e-08,4.879907672927187e-08,6,1.0102306525033007e-07,1.0746123447953946e-07,6.741135915980431,-6.128943009674794,21.3757516100846,inconclusive,6.438169229209393e-09,-6.9549977943322744e-09,1.983133625275106e-08
focused,dfs/20000/isolated/None,seconds,primary,6,1.3908543367848156e-07,1.2190204197473385e-07,-4.660751053013238,-27.295822694066292,25.021322386020262,inconclusive,-1.7183391703747724e-08,-7.72037816090776e-08,4.283699820158216e-08,6,1.2080749600420626e-07,1.2261666596808864e-07,1.6235829066758818,-14.5891089199185,20.91376722796476,inconclusive,1.8091699638823905e-09,-2.1601032835273294e-08,2.5219372763038075e-08
focused,bfs/20000/isolated/Some(3),seconds,primary,6,1.308365413694154e-07,1.1540327821506384e-07,-6.465718449940152,-21.217513368191003,11.048307804409042,inconclusive,-1.5433263154351546e-08,-5.501570990426335e-08,2.4149183595560253e-08,6,1.0563948524104056e-07,1.0101602023719363e-07,-3.4074630803582293,-17.417864438312293,12.97986089985394,inconclusive,-4.623465003846922e-09,-2.2784980009623e-08,1.3538050001929155e-08
focused,dfs/20000/isolated/Some(3),seconds,primary,6,1.3229108305564134e-07,1.2336193492017571e-07,0.06520447002577116,-22.74195217455836,29.60520524996616,inconclusive,-8.929148135465618e-09,-6.009963618183741e-08,4.224133991090617e-08,6,1.1142451767106837e-07,1.1052738903164513e-07,-0.5181102978766525,-13.09027359344532,13.872713537377287,inconclusive,-8.971286394232299e-10,-1.6223343388132555e-08,1.4429086109286096e-08
focused,create_nodes/100000/false,seconds,primary,6,0.050913610500000005,0.031183762833333333,-27.00313049518639,-56.43965753937572,22.3255524751543,inconclusive,-0.019729847666666668,-0.06091655994965446,0.021456864616321125,6,0.03058209175,0.03218295269444445,4.544196779076433,-10.038627188037259,21.490910360239532,inconclusive,0.0016008609444444447,-0.0034871688014151006,0.00668889069030399
focused,create_nodes/100000/true,seconds,primary,6,0.04128657921388889,0.04195802725555556,11.542303197213458,-36.4060275450455,95.64252589114336,inconclusive,0.0006714480416666653,-0.0325419086483622,0.033884804731695535,6,0.028209246430555557,0.03625795849444445,21.610436996194572,-8.89174192803785,62.324455536447566,inconclusive,0.00804871206388889,-0.004640195194957402,0.020737619322735185
focused,duplicate_nodes/100000/control,seconds,primary,6,0.022690031641865078,0.024731993459325398,15.098028833890284,-40.91086398004279,124.19614050496035,inconclusive,0.002041961817460318,-0.0197461589668697,0.023830082601790332,6,0.015281218093253968,0.014329043678571428,-6.014760752469554,-19.870567730885362,10.236962203215882,inconclusive,-0.0009521744146825396,-0.0033666140003750333,0.001462265171009954
focused,create_edges/100000/chain,seconds,primary,6,0.059023271333333335,0.050723577,-6.73720133121196,-29.908379186007174,24.09400031734558,inconclusive,-0.008299694333333335,-0.03385332390301812,0.01725393523635145,6,0.06719588622222222,0.047474171555555555,-24.64848584241981,-52.73075236537858,20.117221448673494,inconclusive,-0.019721714666666664,-0.05115582500419705,0.011712395670863716
focused,bfs/100000/chain/None,seconds,primary,6,0.0069865860646312755,0.0030341990155057148,-51.08999107329677,-68.81528340115841,-23.289699759559408,improved,-0.003952387049125561,-0.008766168060332575,0.0008613939620814529,6,0.006243951802989909,0.002601890368945291,-57.87840775461134,-66.73952420490052,-46.656549827582545,improved,-0.0036420614340446186,-0.005042736961823876,-0.0022413859062653616
focused,dfs/100000/chain/None,seconds,primary,6,0.007386063396428571,0.0038464199142460315,-40.073803292615686,-63.74873641915843,-0.9372723297290586,improved,-0.00353964348218254,-0.009053649670492561,0.0019743627061274823,6,0.005662445561212748,0.0033714050416320945,-39.96187910716507,-51.07594497323746,-26.323033559444735,improved,-0.002291040519580653,-0.003342939887086344,-0.0012391411520749622
focused,bfs/100000/chain/Some(3),seconds,primary,6,3.046124240192387e-07,3.1698299515744954e-07,6.839344110452966,-10.009165133992495,26.84231085251847,inconclusive,1.2370571138210855e-08,-5.342004669658849e-08,7.81611889730102e-08,6,3.148464212467755e-07,2.716902826423892e-07,-12.308397537244403,-29.992458892948328,9.842697242103092,inconclusive,-4.31561386043863e-08,-1.1878460313975845e-07,3.247232593098586e-08
focused,dfs/100000/chain/Some(3),seconds,primary,6,2.785501729318125e-07,2.7457855089857707e-07,-0.1128956611616363,-18.084318575182927,21.801264906223814,inconclusive,-3.971622033235447e-09,-6.611496263273945e-08,5.8171718566268553e-08,6,3.234875405721633e-07,2.6824818828515303e-07,-14.789363561723178,-38.24645506436548,17.577906981439668,inconclusive,-5.523935228701028e-08,-1.636154733916935e-07,5.313676881767294e-08
focused,create_edges/100000/random,seconds,primary,6,0.28352785533333336,0.2825648588888889,1.9647911383992473,-17.981317128260688,26.761589772855903,inconclusive,-0.0009629964444444425,-0.06155177971225417,0.05962578682336529,6,0.4080527026111111,0.31954246616666665,-16.778217466887565,-58.81798818717996,68.17694869954416,inconclusive,-0.08851023644444442,-0.3888722638987776,0.2118517910098888
focused,bfs/100000/random/None,seconds,primary,6,0.06099320222222222,0.051470249555555556,-10.782633296414629,-31.09995747864524,15.525886926049376,inconclusive,-0.009522952666666666,-0.030489790514287504,0.011443885180954174,6,0.06808941483333333,0.05529286666666667,-18.39262924242134,-35.806045719305835,3.744395194046752,inconclusive,-0.012796548166666666,-0.028141968976180817,0.002548872642847484
focused,dfs/100000/random/None,seconds,primary,6,0.04991850869444445,0.05319921031944444,-1.2842386851530532,-22.920984114176292,26.42612804507909,inconclusive,0.0032807016249999997,-0.010917807663585263,0.01747921091358526,6,0.05732914155555555,0.03856796941666667,-31.931511048959884,-51.46387800883644,-4.538743558428338,improved,-0.01876117213888889,-0.03623188769093574,-0.0012904565868420356
focused,bfs/100000/random/Some(3),seconds,primary,6,1.347233185767992e-05,1.5572010298612873e-05,11.045625543201718,-5.60187270052759,30.628978614810848,inconclusive,2.0996784409329527e-06,-1.8934348300413444e-06,6.09279171190725e-06,6,1.2633811600933306e-05,1.3437985747186123e-05,6.752583582684182,-3.474562758974073,18.063325350411517,inconclusive,8.041741462528167e-07,-4.710905509356679e-07,2.079438843441301e-06
focused,dfs/100000/random/Some(3),seconds,primary,6,1.3678165446791534e-05,1.3430819174367586e-05,-4.180489359748664,-17.32201181134492,11.04985523337989,inconclusive,-2.4734627242394876e-07,-2.5022497374168565e-06,2.007557192568959e-06,6,1.392336675698963e-05,1.2342138464975838e-05,-11.351685912000855,-28.960604896054175,10.622051034441489,inconclusive,-1.581228292013792e-06,-4.4220076147967176e-06,1.2595510307691334e-06
focused,create_edges/100000/hub,seconds,primary,6,0.06219322488888889,0.059483770722222225,-2.3228637066193953,-26.24268612430078,29.354262691215766,inconclusive,-0.0027094541666666644,-0.020111920952356394,0.014693012619023066,6,0.062129295,0.06238355705555555,-0.7350922561773925,-21.979807063797523,26.29450836460877,inconclusive,0.0002542620555555525,-0.015231748908870845,0.01574027301998195
focused,bfs/100000/hub/None,seconds,primary,6,0.008434814176785713,0.004446010855209606,-46.089273146244935,-51.793914981769404,-39.70955183767658,improved,-0.003988803321576109,-0.006486422516768252,-0.0014911841263839658,6,0.008283760500641026,0.0039227073422892726,-52.26876676440762,-59.724913731066096,-43.43225956171676,improved,-0.004361053158351754,-0.005689061141263796,-0.0030330451754397116
focused,dfs/100000/hub/None,seconds,primary,6,0.008502650140079365,0.0049967473911318155,-39.924082678713134,-46.999927169640486,-31.90356825459454,improved,-0.00350590274894755,-0.005537435355578219,-0.0014743701423168805,6,0.009832028042979243,0.005065618258333333,-46.70729965201027,-59.64423624937222,-29.623140626685736,improved,-0.004766409784645909,-0.007970868176235203,-0.0015619513930566157
focused,bfs/100000/hub/Some(3),seconds,primary,6,0.007869634454861111,0.004307399887368089,-44.90385939430007,-49.50946589147728,-39.87814224506976,improved,-0.0035622345674930227,-0.005124987063288189,-0.0019994820716978563,6,0.008890267037278694,0.003905450272808642,-53.88529647526297,-66.06723764416242,-37.330009892090196,improved,-0.004984816764470052,-0.008232827562978863,-0.0017368059659612408
focused,dfs/100000/hub/Some(3),seconds,primary,6,0.007952239516013072,0.0037927069312856084,-48.089880597408,-59.35847241155947,-33.696869771258584,improved,-0.004159532584727463,-0.008322250644999817,3.1854755448900915e-06,6,0.0065785176866946776,0.0038308715458756576,-42.060986754697254,-50.50958432873257,-32.17011394413698,improved,-0.0027476461408190204,-0.0035107496448496915,-0.001984542636788349
focused,create_edges/100000/isolated,seconds,primary,6,0.04242337219444445,0.03381971116666667,-13.925837362388608,-30.287414865159047,6.275810306498399,inconclusive,-0.00860366102777778,-0.024024111567830617,0.006816789512275056,6,0.03788289040277778,0.03255321072222222,-13.698197106495863,-25.683692494863564,0.22028048358651314,inconclusive,-0.005329679680555558,-0.010894163499745514,0.00023480413863439902
focused,bfs/100000/isolated/None,seconds,primary,6,1.3847177388144908e-07,1.1125119515126115e-07,-15.002161569224493,-34.8955512484126,10.969874969228794,inconclusive,-2.7220578730187932e-08,-7.39986873309354e-08,1.9557529870559536e-08,6,1.2389765562898717e-07,1.1052475478229049e-07,-10.04912975720586,-25.93230725526566,9.240058082019964,inconclusive,-1.3372900846696678e-08,-3.5402454044624615e-08,8.65665235123126e-09
focused,dfs/100000/isolated/None,seconds,primary,6,1.3428298272423165e-07,1.2636814092947396e-07,-3.6759925701188827,-18.88633414101083,14.386574803332634,inconclusive,-7.914841794757676e-09,-3.3555799603439836e-08,1.7726116013924487e-08,6,1.3929703026485027e-07,1.1490256494236073e-07,-15.67369418905861,-36.656352606887964,12.259494746013736,inconclusive,-2.4394465322489553e-08,-6.57790460702428e-08,1.6990115425263703e-08
focused,bfs/100000/isolated/Some(3),seconds,primary,6,1.1732669684258522e-07,1.1852715328961233e-07,-1.8628413061677493,-21.368021819337343,22.480727807339672,inconclusive,1.2004564470271167e-09,-3.170216436967823e-08,3.410307726373246e-08,6,1.2338630293551078e-07,1.2011199993357137e-07,0.17162775467526734,-26.22774761753911,36.01801060647654,inconclusive,-3.2743030019394237e-09,-4.518140472672619e-08,3.8632798722847344e-08
focused,dfs/100000/isolated/Some(3),seconds,primary,6,1.3151061307099366e-07,1.225056624937434e-07,-4.899839045888264,-16.902408578449457,8.8363749030694,inconclusive,-9.004950577250238e-09,-3.2137965700509944e-08,1.4128064546009471e-08,6,1.482138458185493e-07,1.1256106312166702e-07,-21.540464133507868,-42.78307776819441,7.588778428970463,inconclusive,-3.565278269688228e-08,-8.376562737267328e-08,1.2460061978908708e-08
libraries,libraries/facebook/Build graph,seconds,primary,3,0.15136319688887548,0.14709535855548792,-2.6072065458317804,-18.34338905069634,16.16152209274564,inconclusive,-0.004267838333387573,-0.03063337204877203,0.022097695381996883,,,,,,,,,,
libraries,libraries/facebook/one-off/Weakly connected components,seconds,primary,3,0.024473862691154133,0.01676470742849974,-22.072876300599713,-82.48231386162588,246.6574614988084,inconclusive,-0.007709155262654391,-0.04700541563398206,0.031587105108673276,,,,,,,,,,
libraries,libraries/facebook/reused/Weakly connected components,seconds,primary,3,0.005938938720348034,0.005318372235483487,-9.641912430124059,-44.13702211155703,46.15375509679861,inconclusive,-0.000620566484864547,-0.00353066775999582,0.0022895347902667264,,,,,,,,,,
libraries,libraries/facebook/one-off/BFS levels from one node,seconds,primary,3,0.019884325246059074,0.027821857638948837,36.227079254714134,-18.095677081256383,126.57921414821014,inconclusive,0.007937532392889765,-0.008460115923916099,0.024335180709695627,,,,,,,,,,
libraries,libraries/facebook/reused/BFS levels from one node,seconds,primary,3,0.006742368550510516,0.009648841726177658,36.71979630868904,-46.02624740072085,246.32208809841148,inconclusive,0.0029064731756671424,-0.006657719054885526,0.01247066540621981,,,,,,,,,,
libraries,libraries/facebook/one-off/Dijkstra from one node (weighted),seconds,primary,3,0.03461496341664846,0.058863236444469495,57.85263796364069,-50.40088989639104,402.3770640245249,inconclusive,0.02424827302782104,-0.04923456850517109,0.09773111456081317,,,,,,,,,,
libraries,libraries/facebook/reused/Dijkstra from one node (weighted),seconds,primary,3,0.01393188065928657,0.015735221773180184,12.824772778797142,-21.51814182581251,62.195820138900395,inconclusive,0.001803341113893614,-0.0037465767871434023,0.0073532590149306305,,,,,,,,,,
libraries,libraries/facebook/one-off/PageRank,seconds,primary,3,0.043966891777800915,0.04188015111107132,-3.0202820354489934,-39.930320212650436,56.56926638827409,inconclusive,-0.002086740666729587,-0.022837026640862054,0.018663545307402878,,,,,,,,,,
libraries,libraries/facebook/reused/PageRank,seconds,primary,3,0.033055667650053994,0.02945101596663259,-10.370562820446608,-42.38866363588812,39.4419313301647,inconclusive,-0.0036046516834214045,-0.01855542554987446,0.011346122183031649,,,,,,,,,,
libraries,libraries/facebook/one-off/Core number,seconds,primary,3,0.02128384722220744,0.02273428821273979,5.193434381569337,-51.52093958525239,128.25645840329227,inconclusive,0.0014504409905323479,-0.015632907128838892,0.018533789109903588,,,,,,,,,,
libraries,libraries/facebook/reused/Core number,seconds,primary,3,0.010214687128245617,0.014268101704499637,30.869937432575195,-58.02249706871012,308.00284265693637,inconclusive,0.004053414576254021,-0.012973217568787474,0.021080046721295518,,,,,,,,,,
libraries,libraries/facebook/one-off/Local clustering,seconds,primary,3,0.033713772916693564,0.042964063583389764,25.401173419206952,-25.885061162400852,112.17658061314295,inconclusive,0.009250290666696198,-0.013562029219968194,0.03206261055336059,,,,,,,,,,
libraries,libraries/facebook/reused/Local clustering,seconds,primary,3,0.025601642455553197,0.02357188572224863,-8.023361818733646,-47.25787628590011,60.39744658340326,inconclusive,-0.0020297567333045657,-0.015619571046226226,0.011560057579617096,,,,,,,,,,
libraries,libraries/facebook/one-off/Betweenness (exact),seconds,primary,3,57.37565777833341,62.41414700799995,8.882779736638891,-7.34388109417993,27.951179729725716,inconclusive,5.0384892296665384,-4.529156276006551,14.606134735339628,,,,,,,,,,
libraries,libraries/facebook/reused/Betweenness (exact),seconds,primary,3,61.62150231333347,57.75499897000009,-6.194868513536896,-16.15579542500726,4.949444482142893,inconclusive,-3.8665033433333824,-10.923466978521477,3.1904602918547114,,,,,,,,,,
libraries,libraries/facebook/one-off/Communities (Leiden / Louvain),seconds,primary,3,0.10561578200003573,0.10952496244451343,3.5187203844338315,-8.683785486878557,17.35183644182678,inconclusive,0.0039091804444776985,-0.010216099409244589,0.018034460298199988,,,,,,,,,,
libraries,libraries/facebook/reused/Communities (Leiden / Louvain),seconds,primary,3,0.10122076355560239,0.10302056444442718,1.601104119539513,-24.34930034411162,36.45325694626302,inconclusive,0.0017998008888247957,-0.028630244431208048,0.03222984620885764,,,,,,,,,,
libraries,libraries/facebook/one-off/Minimum spanning forest (weight),seconds,primary,3,0.0391436895554749,0.0415763519722216,6.582182597030076,-16.74572142689103,36.44658078649006,inconclusive,0.002432662416746704,-0.00687325077181828,0.011738575605311687,,,,,,,,,,
libraries,libraries/facebook/reused/Minimum spanning forest (weight),seconds,primary,3,0.02100884783808902,0.019807224202371534,-6.0269152802274455,-53.55640147786428,90.14333369410618,inconclusive,-0.0012016236357174834,-0.015771837532891353,0.013368590261456387,,,,,,,,,,
libraries,libraries/github/Build graph,seconds,primary,3,0.29778935344441176,0.3405349957778425,13.76725144717752,-8.857730050151089,42.008614762033055,inconclusive,0.042745642333430735,-0.03446291948718675,0.11995420415404823,,,,,,,,,,
libraries,libraries/github/one-off/Weakly connected components,seconds,primary,3,0.030674444933265477,0.047421888555523616,39.599426428699296,-60.29852483545039,390.8633691430974,inconclusive,0.016747443622258138,-0.0499091036323597,0.08340399087687597,,,,,,,,,,
libraries,libraries/github/reused/Weakly connected components,seconds,primary,3,0.009189902665302481,0.009350218996818482,1.3365002095079823,-21.02773756341063,30.034089918053887,inconclusive,0.0001603163315160022,-0.0022943131291419407,0.0026149457921739454,,,,,,,,,,
libraries,libraries/github/one-off/BFS levels from one node,seconds,primary,3,0.03702132791667307,0.03180330086671195,-12.675537537593723,-50.92855301663186,55.39712425706025,inconclusive,-0.005218027049961116,-0.027779926212287434,0.017343872112365204,,,,,,,,,,
libraries,libraries/github/reused/BFS levels from one node,seconds,primary,3,0.011127788121249215,0.009680961959690811,-12.962103098121094,-15.692320314372068,-10.143470614415149,improved,-0.0014468261615584032,-0.001966999347765182,-0.000926652975351624,,,,,,,,,,
libraries,libraries/github/one-off/Dijkstra from one node (weighted),seconds,primary,3,0.06674968599996747,0.061328029555549314,-7.739702222916499,-37.01239766770325,35.1371100142929,inconclusive,-0.005421656444418155,-0.0302042695699097,0.01936095668107339,,,,,,,,,,
libraries,libraries/github/reused/Dijkstra from one node (weighted),seconds,primary,3,0.02692695594446377,0.02768689961671953,2.96302584811571,-19.750307261130633,32.10498794427043,inconclusive,0.0007599436722557593,-0.00581902216937676,0.007338909513888279,,,,,,,,,,
libraries,libraries/github/one-off/PageRank,seconds,primary,3,0.05352502011111129,0.05144656144441089,-3.8901199718440576,-7.999007609059226,0.4022760947532488,inconclusive,-0.0020784586667003968,-0.0043372891724078495,0.00018037183900705602,,,,,,,,,,
libraries,libraries/github/reused/PageRank,seconds,primary,3,0.0331322315666057,0.029487668599995232,-10.47310154225495,-41.14434768072493,36.18174689465602,inconclusive,-0.0036445629666104658,-0.016839135932848193,0.009550009999627263,,,,,,,,,,
libraries,libraries/github/one-off/Core number,seconds,primary,3,0.046896033999979006,0.037986288611206315,-18.70804004164953,-31.84740630555266,-3.035491451758681,improved,-0.008909745388772686,-0.017839295875238945,1.9805097693573193e-05,,,,,,,,,,
libraries,libraries/github/reused/Core number,seconds,primary,3,0.022721376833323523,0.018978248666649558,-16.48376494269367,-22.557294115519564,-9.93391258110689,improved,-0.003743128166673967,-0.005316861636054106,-0.0021693946972938275,,,,,,,,,,
libraries,libraries/github/one-off/Local clustering,seconds,primary,3,0.056493370777843666,0.051488120111116586,-8.829018241300245,-13.994103895831733,-3.3537432738600796,improved,-0.005005250666727082,-0.008511250084057093,-0.0014992512493970703,,,,,,,,,,
libraries,libraries/github/reused/Local clustering,seconds,primary,3,0.03378850491662888,0.032648990666700684,-3.1943145631410514,-18.313380359296122,14.723081627317223,inconclusive,-0.0011395142499281974,-0.00673386934166202,0.004454840841805625,,,,,,,,,,
libraries,libraries/github/one-off/Communities (Leiden / Louvain),seconds,primary,3,0.2940269087776718,0.24173309033330445,-16.43978491126552,-53.07340658691429,48.79216746486691,inconclusive,-0.052293818444367306,-0.22725473299209345,0.12266709610335882,,,,,,,,,,
libraries,libraries/github/reused/Communities (Leiden / Louvain),seconds,primary,3,0.2447894056666529,0.22599035655563662,-6.85951672172096,-43.48975035420127,53.514622209005495,inconclusive,-0.018799049111016247,-0.14346300491409628,0.10586490669206379,,,,,,,,,,
libraries,libraries/github/one-off/Minimum spanning forest (weight),seconds,primary,3,0.07649728811116398,0.061135377333382875,-19.24325425948036,-58.370876419944395,56.66080430584519,inconclusive,-0.015361910777781105,-0.06475956973390103,0.03403574817833882,,,,,,,,,,
libraries,libraries/github/reused/Minimum spanning forest (weight),seconds,primary,3,0.028873086333366396,0.029329984883365037,1.070984109231679,-25.379513569491728,36.89730953873897,inconclusive,0.00045689854999863996,-0.008610138697174054,0.009523935797171333,,,,,,,,,,
libraries,libraries/kron/Build graph,seconds,primary,3,1.332745658111081,0.9742586452222591,-23.40109310195606,-72.94624155874155,116.87901703990642,inconclusive,-0.35848701288882184,-1.7850638130539964,1.0680897872763528,3,1.3212468400001853,1.0520764123334123,-19.525133026233505,-54.91780394466894,43.65325518963022,inconclusive,-0.2691704276667729,-0.9744582252665893,0.4361173699330435
libraries,libraries/kron/one-off/Weakly connected components,seconds,primary,3,0.10099264177779332,0.08161734366672135,-16.449164560911676,-60.502021944314436,76.73669504621058,inconclusive,-0.01937529811107196,-0.1006078611233631,0.06185726490121919,3,0.12328843833317175,0.09447994288883718,-21.099399617229615,-63.350944485862215,69.86262410937566,inconclusive,-0.028808495444334573,-0.12788599069280066,0.07026899980413152
libraries,libraries/kron/reused/Weakly connected components,seconds,primary,3,0.029642630083420347,0.02657885993336701,-10.163329210004914,-32.70126343666874,19.922420995751065,inconclusive,-0.003063770150053338,-0.011286901118561734,0.005159360818455057,3,0.048493150511088365,0.04028121368326841,-4.886088691659015,-93.12813140721522,1216.4768799376666,inconclusive,-0.008211936827819954,-0.13814309007130104,0.12171921641566114
libraries,libraries/kron/one-off/Strongly connected components,seconds,primary,3,0.1058191180000247,0.09651756411110707,-8.058142994478887,-66.46211712129278,152.05243575439243,inconclusive,-0.00930155388891763,-0.1146395575574728,0.09603644977963754,3,0.13679098055551245,0.10763531633326946,-14.19362375307219,-78.03508027046838,235.20423909085423,inconclusive,-0.029155664222243,-0.22751422480034733,0.16920289635586133
libraries,libraries/kron/reused/Strongly connected components,seconds,primary,3,0.05047316013888627,0.038325130333217,-21.34512337889209,-72.74128952049736,126.95826425588825,inconclusive,-0.012148029805669263,-0.06558301740554531,0.04128695779420678,3,0.04313609125004961,0.041805501138886335,-3.1596524371610797,-30.06369727654547,34.094205025029524,inconclusive,-0.0013305901111632726,-0.015757008432890622,0.013095828210564077
libraries,libraries/kron/one-off/BFS levels from one node,seconds,primary,3,0.0835260273332147,0.07966112866663227,-4.748668269339173,-46.9775249347618,71.11264959437132,inconclusive,-0.0038648986665824198,-0.054018391315493436,0.046288593982328596,3,0.10480860933330405,0.10226161411118381,0.15478024809926638,-67.1220990207474,205.0979444483103,inconclusive,-0.002546995222120226,-0.12528997931554547,0.12019598887130502
libraries,libraries/kron/reused/BFS levels from one node,seconds,primary,3,0.017600492080933935,0.013818208358350148,-19.948739318656923,-48.141380308050046,23.570669152752117,inconclusive,-0.003782283722583789,-0.01161317983083684,0.004048612385669262,3,0.015114914070751422,0.012612817096277183,-13.627945111993379,-59.29285604590792,83.26345552490912,inconclusive,-0.0025020969744742392,-0.014915738248577889,0.00991154429962941
libraries,libraries/kron/one-off/Dijkstra from one node (weighted),seconds,primary,3,0.15208779266665967,0.13812373900001756,-9.654971028830046,-36.545681726564396,28.631501872403792,inconclusive,-0.01396405366664212,-0.06455712268473313,0.03662901535144889,3,0.2190845613331981,0.18753730777770114,-12.717619390857426,-85.84870992329674,438.340598172092,inconclusive,-0.03154725355549696,-0.404144104089199,0.341049596978205
libraries,libraries/kron/reused/Dijkstra from one node (weighted),seconds,primary,3,0.038952125333265836,0.036515512583415934,-7.20411479349925,-55.43446001896775,93.22275271259059,inconclusive,-0.002436612749849902,-0.03168774953878825,0.026814524039088447,3,0.04979001263892416,0.03467022658333008,-28.887791325247896,-55.13738354921022,12.720715434609103,inconclusive,-0.01511978605559408,-0.04252270359610151,0.012283131484913353
libraries,libraries/kron/one-off/PageRank,seconds,primary,3,0.11480646933334053,0.10450242666673956,-8.026437365020426,-59.20838368958976,107.37438201515184,inconclusive,-0.010304042666600963,-0.10418391685153458,0.08357583151833264,3,0.13844927699993706,0.10882693977777712,-16.150430877581236,-73.15636230901406,161.91495813461222,inconclusive,-0.02962233722215994,-0.19668628876661498,0.13744161432229512
libraries,libraries/kron/reused/PageRank,seconds,primary,3,0.05093367333327276,0.049353363111120215,-3.3101072051548512,-41.25361496673604,59.14060692219617,inconclusive,-0.0015803102221525478,-0.027554652221302815,0.02439403177699772,3,0.058159003444466686,0.050988323888759624,-6.9077969947608455,-78.39109153415393,301.0456277357063,inconclusive,-0.0071706795557070655,-0.09430730474731341,0.07996594563589929
libraries,libraries/kron/one-off/Core number,seconds,primary,3,0.11466566633326794,0.11198028411111711,-2.733285475878093,-21.734387553370084,20.88084994886417,inconclusive,-0.0026853822221508165,-0.02748064835366762,0.02210988390936599,3,0.1491496362222683,0.12782546711100118,-10.685440882461819,-59.051688444036365,94.80877641213642,inconclusive,-0.02132416911126711,-0.14981393661488218,0.10716559839234796
libraries,libraries/kron/reused/Core number,seconds,primary,3,0.060384866666633265,0.056284525999949944,-7.371871992537013,-32.837796318023116,27.749978824316056,inconclusive,-0.004100340666683325,-0.023068393550540522,0.014867712217173874,3,0.07474083177779296,0.056569501666672295,-19.592337709051463,-77.14104191748422,182.8384448563488,inconclusive,-0.018171330111120668,-0.11436915052539477,0.07802649030315344
libraries,libraries/kron/one-off/Local clustering,seconds,primary,3,0.295631253333214,0.2908149251111101,-1.4725912149853881,-11.457841889726184,9.638735818920214,inconclusive,-0.0048163282221038535,-0.03594543044234523,0.026312773998137525,3,0.30713085933338236,0.2941885946665934,-3.992089860774734,-27.61077900709144,27.332753176118942,inconclusive,-0.01294226466678892,-0.0985119746341716,0.07262744530059376
libraries,libraries/kron/reused/Local clustering,seconds,primary,3,0.26654609755554604,0.2394002211111557,-7.983432799864329,-47.86969044974685,62.42083947602354,inconclusive,-0.027145876444390326,-0.19196966834494245,0.13767791545616181,3,0.2779469403332971,0.2548751908888234,-8.383262338518719,-38.32710169772198,36.09911080541265,inconclusive,-0.02307174944447372,-0.1326302474831054,0.08648674859415796
libraries,libraries/kron/one-off/Communities (Leiden / Louvain),seconds,primary,3,3.8449309679998955,3.709904862666614,-3.4342523727575918,-12.957628856320794,7.131084462482802,inconclusive,-0.13502610533328152,-0.5399836708931267,0.2699314602265636,3,4.481349060666616,4.224683447666696,-5.663803842313812,-38.609866584124,44.96332570601659,inconclusive,-0.2566656129999198,-2.060612143659394,1.5472809176595546
libraries,libraries/kron/reused/Communities (Leiden / Louvain),seconds,primary,3,0.732239842888829,0.7678145413333368,4.859763984958831,1.2677674253891038,8.579169685778432,regression,0.035574698444507814,0.009283519933922905,0.06186587695509273,3,0.9032119937778589,0.7819580555555048,-11.79188739377734,-53.95223581001377,68.96957466708184,inconclusive,-0.12125393822235409,-0.7252553440636337,0.4827474676189255
libraries,libraries/kron/one-off/Minimum spanning forest (weight),seconds,primary,3,0.2112748327777404,0.2201955476666626,3.9097342599682348,-17.872016477154208,31.468379117986224,inconclusive,0.008920714888922201,-0.044043186003750956,0.06188461578159536,3,0.20263765677772325,0.21798240633329946,7.258600569335408,-12.866708989820783,32.0322836738515,inconclusive,0.015344749555576215,-0.031657169661621104,0.062346668772773534
libraries,libraries/kron/reused/Minimum spanning forest (weight),seconds,primary,3,0.11385661977785982,0.1430163593333115,21.85738706112183,-42.88092222960027,159.96958216050245,inconclusive,0.029159739555451675,-0.08455724021089295,0.1428767193217963,3,0.11901959733343878,0.13314999177777687,10.316402624766226,-34.829414963576156,86.73621974189545,inconclusive,0.014130394444338076,-0.058913056510356755,0.0871738453990329
memory,memory/10000/graph,bytes,primary,3,23846912,23846912,0.0,0.0,0.0,unchanged,0,0.0,0.0,3,23846912,23851008,0.01717327871646117,-0.05669642777046557,0.09109758349403296,inconclusive,4096,-13527.665581053796,21719.665581053796
memory,memory/10000/graph_no_attrs,bytes,primary,3,8400896,8400896,0.0,0.0,0.0,unchanged,0,0.0,0.0,3,8400896,8400896,0.0,0.0,0.0,unchanged,0,0.0,0.0
memory,files/10000/json,bytes,primary,3,9127165,9127165,0.0,0.0,0.0,unchanged,0,0.0,0.0,3,9127165,9127165,0.0,0.0,0.0,unchanged,0,0.0,0.0
memory,files/10000/binary,bytes,primary,3,3965548,3965548,0.0,0.0,0.0,unchanged,0,0.0,0.0,3,3965548,3965548,0.0,0.0,0.0,unchanged,0,0.0,0.0
memory,memory/100000/graph,bytes,primary,3,239886336,239887701.33333334,0.0005691649212423785,-0.0018797310642228943,0.003018120878750441,inconclusive,1365.3333333333333,-4509.221860351266,7239.888527017932,3,239887701.33333334,239887701.33333334,-1.9436147179236314e-08,-0.008482794907862266,0.008483475671410176,inconclusive,0,-20350.056134658706,20350.056134658706
memory,memory/100000/graph_no_attrs,bytes,primary,3,85331968,85327872,-0.004800076801225739,-0.004800076801225739,-0.004800076801225739,improved,-4096,-4096.0,-4096.0,3,85331968,85327872,-0.004800076801225739,-0.004800076801225739,-0.004800076801225739,improved,-4096,-4096.0,-4096.0
memory,files/100000/json,bytes,primary,3,95167868,95167868,0.0,0.0,0.0,unchanged,0,0.0,0.0,3,95167868,95167868,0.0,0.0,0.0,unchanged,0,0.0,0.0
memory,files/100000/binary,bytes,primary,3,43525674,43525674,0.0,0.0,0.0,unchanged,0,0.0,0.0,3,43525674,43525674,0.0,0.0,0.0,unchanged,0,0.0,0.0
memory,memory/10000/load_json,bytes,late primary (peak reset enabled),3,70329685.33333333,70434816,0.14946637717106084,0.04800595391981759,0.2510296932025066,regression,105130.66666666667,33663.61823803972,176597.71509529362,3,70373376,70376106.66666667,0.003836209120773911,-0.4500478611219016,0.45978970024004273,inconclusive,2730.6666666666665,-317473.01008916687,322934.34342250024
memory,memory/10000/load_json/resident,bytes,late primary (peak reset enabled),3,45767338.666666664,45847893.333333336,0.17602439182951465,-0.010501870899798062,0.3628986115677009,inconclusive,80554.66666666667,-4778.17654560096,165887.5098789343,3,45780992,45820586.666666664,0.08646251921218032,-0.1268514993469479,0.3002321444203124,inconclusive,39594.666666666664,-58177.41752125549,137366.7508545888
memory,memory/10000/save_json,bytes,late primary (peak reset enabled),3,12642986.666666666,12677120,0.2721036109497708,-1.695759094695114,2.2793591606124264,inconclusive,34133.333333333336,-216001.336166861,284268.0028335277,3,12731733.333333334,12697600,-0.2698336736297515,-3.2372157666103183,2.7885478315267136,inconclusive,-34133.333333333336,-418277.1409657267,350010.47429906006
memory,memory/100000/load_json,bytes,late primary (peak reset enabled),3,696967168,697060010.6666666,0.01332119640996515,-0.017311071705984678,0.043962849509055414,inconclusive,92842.66666666667,-120671.35328035527,306356.6866136886,3,696991744,697111893.3333334,0.017237516656012444,-0.0192331441137955,0.05372148107550038,inconclusive,120149.33333333333,-134090.66511181742,374389.33177848405
memory,memory/100000/load_json/resident,bytes,late primary (peak reset enabled),3,452124672,452199765.3333333,0.01660889977170182,-0.002530522424752258,0.03575198523567585,inconclusive,75093.33333333333,-11444.268453585464,161630.93512025214,3,452102826.6666667,452248917.3333333,0.03231241131238305,-0.005089922523453046,0.06972873520606591,inconclusive,146090.66666666666,-23051.641884160228,315232.97521749354
memory,memory/100000/save_json,bytes,late primary (peak reset enabled),3,129505962.66666667,129484117.33333333,-0.016859142189164743,-0.3482872603956649,0.3156712611112698,inconclusive,-21845.333333333332,-451772.88021053874,408082.2135438721,3,129418581.33333333,129609728,0.14767785193714175,-0.1165965515118952,0.41265148026145404,inconclusive,191146.66666666666,-151244.66567722874,533537.9990105621
networkx,networkx/1000/Build graph,seconds,primary,3,0.0044264282338096145,0.005348338997198212,16.93374560298111,-40.32687145802712,129.14000312762283,inconclusive,0.0009219107633885983,-0.0030369567456494085,0.004880778272426605,3,0.004320818498252352,0.005240902463378041,21.16928983248955,-2.7409700716722485,50.95767261229452,inconclusive,0.0009200839651256893,-0.00022061572580630467,0.002060783656057683
networkx,networkx/1000/BFS (full),seconds,primary,3,0.000961995666668732,0.0010570784427189988,4.273604276089729,-72.70051395695774,298.2853205215459,inconclusive,9.508277605026667e-05,-0.001379610137248348,0.0015697756893488812,3,0.0008971342187299077,0.0009360900260257191,3.5158810781511924,-32.46768374470101,58.672739653663754,inconclusive,3.895580729581146e-05,-0.00034200630897028144,0.0004199179235619043
networkx,networkx/1000/BFS (depth 3),seconds,primary,3,9.482623959418864e-05,0.00014817330730447034,29.825553325260557,-83.40963194822622,915.931306865011,inconclusive,5.334706771028171e-05,-0.0002605365854481794,0.0003672307208687428,3,8.218764582797651e-05,0.00013064941666129926,54.703938554568055,-12.446246117548254,173.3555963394561,inconclusive,4.846177083332274e-05,-3.1407769752773674e-05,0.00012833131141941914
networkx,networkx/1000/BFS (edge filter),seconds,primary,3,0.000763883067709988,0.0010690240104196391,34.10692142484078,-40.46427345232879,202.0819164715796,inconclusive,0.00030514094270965114,-0.0006429054049142209,0.001253187290333523,3,0.0008156950677099909,0.0016644058521763235,69.93114345357625,-64.03015671966502,702.8000925771889,inconclusive,0.0008487107844663326,-0.002163095955880372,0.003860517524813037
networkx,networkx/1000/DFS traversal,seconds,primary,3,0.000920747906262657,0.0010616915104293412,8.897005052339853,-61.616697444633864,208.95094793534005,inconclusive,0.00014094360416668414,-0.0010505173680859258,0.001332404576419294,3,0.0009066473281365006,0.0010967052083330486,20.068922924272826,-10.678794119477725,61.401160117327706,inconclusive,0.000190057880196548,-0.00015649901798690948,0.0005366147783800056
networkx,networkx/1000/BFS search,seconds,primary,3,6.875171886614832e-06,7.526067707412191e-06,6.961284643195749,-33.92170529207005,73.1387963792256,inconclusive,6.508958207973592e-07,-3.0672552906559094e-06,4.369046932250627e-06,3,7.362244810830513e-06,1.3389760413910304e-05,51.92405370825235,-49.395427393209346,356.10340935970487,inconclusive,6.027515603079792e-06,-1.4572020215204367e-05,2.662705142136395e-05
networkx,networkx/1000/Shortest path (unweighted),seconds,primary,3,1.0419119797451989e-05,1.168241665302124e-05,10.47623627775624,-31.80957653207664,78.98405907157668,inconclusive,1.2632968555692514e-06,-4.268805484363975e-06,6.795399195502478e-06,3,9.628562494867765e-06,9.154744792757205e-06,-4.985851465843121,-10.554430585906644,0.9294085867644094,inconclusive,-4.738177021105609e-07,-1.0061216104896537e-06,5.8486206268531935e-08
networkx,networkx/1000/Shortest path (Dijkstra),seconds,primary,3,0.000415621687512413,0.00042844528646431473,2.5622851952994687,-18.28390564107364,28.726445224836983,inconclusive,1.2823598951901735e-05,-8.26922776478382e-05,0.00010833947555164167,3,0.00038232415104270484,0.0004678799687430531,19.563166633308146,-52.152844475729744,198.77117372490324,inconclusive,8.55558177003483e-05,-0.00034322700203645123,0.0005143386374371478
networkx,networkx/1000/Batch shortest paths,seconds,primary,3,0.004443705708849123,0.004368132154675471,-0.07857251241415299,-33.226611297271894,49.525010863331495,inconclusive,-7.557355417365235e-05,-0.0020303630096305484,0.0018792159012832436,3,0.004027852435186133,0.0059352246174004825,37.5861142034616,-46.86692602587453,256.2741133860691,inconclusive,0.0019073721822143502,-0.0043151534620680205,0.00812989782649672
networkx,networkx/1000/Loop shortest paths (control),seconds,primary,3,0.030805817499947354,0.03280460229997288,6.086930015212477,-11.182348643959918,26.71396449042927,inconclusive,0.001998784800025532,-0.003597986855994233,0.007595556456045297,3,0.031201179150093596,0.035330474888862935,12.750870423753891,-22.979190051238866,65.05615546981953,inconclusive,0.00412929573876934,-0.009243490405594364,0.017502081883133045
networkx,networkx/1000/Distances from sources,seconds,primary,3,0.0041944826963005236,0.004198117667826798,0.07756541976001426,-13.330758219651939,15.560248302729796,inconclusive,3.634971526273826e-06,-0.0006028415313689031,0.0006101114744214507,3,0.0047409489274738694,0.005195386072002246,9.022794323846227,-26.246271320719146,61.15754274425888,inconclusive,0.00045443714452837676,-0.0013973714815348085,0.002306245770591562
networkx,networkx/1000/Project graph,seconds,primary,3,0.0004892452968832117,0.0004747275104115545,-4.688718971676723,-68.80911117164179,191.24659900684796,inconclusive,-1.4517786471657246e-05,-0.0005219368714558445,0.00049290129851253,3,0.0003843452812380595,0.0003783830156246874,-1.4916171388397075,-8.986179368013662,6.620087219045419,inconclusive,-5.962265613372135e-06,-3.6482133560908604e-05,2.4557602334164336e-05
networkx,networkx/1000/Weakly connected components,seconds,primary,3,0.00024251486458245117,0.00021601045834766333,-10.59868144246485,-29.572367816946503,13.486645966625026,inconclusive,-2.650440623478782e-05,-8.373367032542908e-05,3.072485785585345e-05,3,0.00021848386979191522,0.0002534671249918574,11.974498195599551,-43.724141214109494,122.80047815636227,inconclusive,3.49832551999422e-05,-0.00015487289886426843,0.00022483940926415282
networkx,networkx/1000/Strongly connected components,seconds,primary,3,0.0002123668697843565,0.0002197515468734442,3.0253764432597188,-36.62693089428379,67.4879935760911,inconclusive,7.38467708908767e-06,-9.858296581348214e-05,0.00011335231999165749,3,0.00023425078647913247,0.00019621521873839734,-13.125097848798555,-62.706176437336566,102.37261569866827,inconclusive,-3.803556774073513e-05,-0.00024970667876328786,0.0001736355432818176
networkx,networkx/1000/PageRank,seconds,primary,3,0.0013440373229135123,0.0017848670541893686,30.581486158115112,-20.841043424506474,115.40865702291123,inconclusive,0.0004408297312758562,-0.00046455573774025345,0.001346215200291966,3,0.001513609364569864,0.002505265199133303,64.24314517538322,12.415712744944434,139.96477074611767,regression,0.0009916558345634391,2.5625243498501892e-05,0.0019576864256283764
networkx,networkx/1000/Triangles,seconds,primary,3,0.0010780108333321436,0.0012791410709357218,9.193283612366177,-53.177149387864034,154.64432494334892,inconclusive,0.0002011302376035782,-0.0010821756926748557,0.0014844361678820121,3,0.0009129004427161173,0.0010451210520727727,15.12907116449654,-39.09101088552147,117.6148910021717,inconclusive,0.00013222060935665544,-0.0005060462119113388,0.0007704874306246497
networkx,networkx/1000/Core number,seconds,primary,3,0.0006164397916812447,0.0008814953489609442,33.12740259163436,-50.55386866733386,258.4285533191272,inconclusive,0.00026505555727969937,-0.0007194329767465858,0.0012495440913059845,3,0.0006371223906285195,0.0009118995572805488,40.200590745053596,-23.11418326002003,155.65450792748032,inconclusive,0.00027477716665202934,-0.0003222440565744686,0.0008717983898785273
networkx,networkx/1000/Label propagation,seconds,primary,3,0.002638395543117044,0.003870380210939328,23.64577608037382,-80.2448260585065,673.8872858216982,inconclusive,0.0012319846678222844,-0.006230378176197973,0.008694347511842542,3,0.003882310093239038,0.0029495091668847663,-21.193476360708928,-80.17469750318106,213.25969271372486,inconclusive,-0.0009328009263542713,-0.006285884490054385,0.004420282637345843
networkx,networkx/1000/BFS levels,seconds,primary,3,0.000742088218753878,0.0010785578020803637,32.72258607638368,-64.40346209128458,394.85949729089145,inconclusive,0.00033646958332648563,-0.0009835822811084158,0.0016565214477613872,3,0.0007453215156279688,0.0020492757752430765,79.87133735872123,-91.09010801676074,3531.2110252376433,inconclusive,0.0013039542596151076,-0.004630579575187054,0.0072384880944172695
networkx,networkx/1000/Betweenness (sampled),seconds,primary,3,0.004586454690146733,0.007072109081770084,42.00481275258554,-46.94313313276903,280.07081902062765,inconclusive,0.00248565439162335,-0.0058030671921620175,0.010774375975408718,3,0.005034499723615792,0.009526492786041802,59.67041585381778,-67.20750253570318,677.4534930341514,inconclusive,0.004491993062426011,-0.012626279114553732,0.021610265239405756
networkx,networkx/1000/Similarity,seconds,primary,3,0.008799698002400947,0.009249983797753974,7.639758221875946,-68.94545747269757,273.0957408204449,inconclusive,0.000450285795353027,-0.011003059239555898,0.011903630830261951,3,0.008488467253711862,0.008754114235284697,3.3245836650892855,-58.45033319393368,156.94477020463916,inconclusive,0.00026564698157283476,-0.007611865156944198,0.008143159120089867
networkx,networkx/1000/Most similar nodes,seconds,primary,3,0.004578760342252808,0.005291887735815749,15.595168827849115,-57.525044785321015,214.5911040706892,inconclusive,0.000713127393562941,-0.004307152277785158,0.0057334070649110395,3,0.004547684616106745,0.005537946852374342,19.053178054086086,-61.41925601253821,267.3765132519003,inconclusive,0.0009902622362675964,-0.005055018772994726,0.0070355432455299185
networkx,networkx/1000/Leiden vs Louvain,seconds,primary,3,0.011268944087538996,0.010727785515148653,-2.98254186018577,-62.298694295225644,149.65679591088156,inconclusive,-0.0005411585723903434,-0.01086485797557056,0.009782540830789874,3,0.009028647428576298,0.012011206316970549,31.072675562799457,-18.225330162403093,110.09007206400423,inconclusive,0.002982558888394249,-0.0024769439878418753,0.008442061764630374
networkx,networkx/1000/Minimum spanning tree,seconds,primary,3,0.0011241692447979308,0.0011724826406134998,5.053997128813706,-57.483923256876515,159.58044951844735,inconclusive,4.831339581556904e-05,-0.0010697621438819156,0.0011663889355130537,3,0.0009627315624977465,0.0010033334427035356,4.392642687018978,-11.614930808318274,23.299375639401042,inconclusive,4.060188020578911e-05,-0.00012263106244838243,0.00020383482285996066
networkx,networkx/1000/k shortest paths,seconds,primary,3,0.020594018000034946,0.023954670488888042,16.255933059658854,9.414214695954222,23.52546704401506,regression,0.0033606524888530956,0.0017000581729926633,0.005021246804713528,3,0.020366286246086482,0.02549568713887614,22.939372133190087,-23.637319400044625,97.92507415607707,inconclusive,0.005129400892789658,-0.008340036217514332,0.01859883800309365
networkx,networkx/1000/FastRP embeddings,seconds,primary,3,0.004568755060369892,0.006062087344329642,31.837380935962482,-19.266040194434495,115.28852361402313,inconclusive,0.00149333228395975,-0.0012964769169404695,0.00428314148485997,3,0.005046575423338911,0.00802519186799493,57.10582666264732,1.2033046458821162,143.88769573996402,regression,0.002978616444656019,-0.0005052955342755025,0.00646252842358754
networkx,networkx/1000/node2vec walks,seconds,primary,3,0.0028258030594427415,0.0033144480972609014,17.173420792698078,-6.852634114324049,47.396659150980966,inconclusive,0.00048864503781816,-0.0002559094816578883,0.001233199557294208,3,0.0031465654175359186,0.005669157874033927,71.2754592258479,-44.93583820439581,432.7472892789397,inconclusive,0.002522592456498008,-0.0028570517725951465,0.007902236685591162
networkx,networkx/1000/Grid: Dijkstra,seconds,primary,3,0.00025507705729310715,0.00030242293750385824,18.205764201274697,-24.80669669125909,85.82243465267602,inconclusive,4.734588021075107e-05,-8.545711212104643e-05,0.00018014887254254856,3,0.0007220043437404419,0.0003262317656265168,-37.14529446014349,-91.47256724610371,363.2946541498011,inconclusive,-0.000395772578113925,-0.0021006993670047167,0.0013091542107768668
networkx,networkx/1000/Grid: A* (coordinates),seconds,primary,3,5.9650562512558736e-05,5.496599479807666e-05,-7.609320803037069,-57.95564720060421,103.02459270103901,inconclusive,-4.684567714482076e-06,-4.9936574079792057e-05,4.05674386508279e-05,3,5.581282291918418e-05,7.011534894966569e-05,19.02672614314464,-69.94818342688912,371.43111970913327,inconclusive,1.4302526030481507e-05,-8.104012545088497e-05,0.00010964517751184798
networkx,networkx/1000/Grid: A* (precomputed),seconds,primary,3,4.8795656250414744e-05,4.493228125805141e-05,-8.254199371652842,-40.96526662575266,42.58202674644911,inconclusive,-3.863374992363333e-06,-2.472571820164611e-05,1.6998968216919443e-05,3,5.089983335437864e-05,5.164984897968831e-05,1.1471697276961093,-58.812159910364706,148.39248481247452,inconclusive,7.500156253096671e-07,-4.517783837730854e-05,4.667786962792787e-05
networkx,networkx/1000/Subgraph by ids,seconds,primary,3,0.00011572582291208278,0.00010333517709426587,-10.11744056626786,-45.73851795152051,48.887833235745084,inconclusive,-1.2390645817816903e-05,-7.057311314368952e-05,4.579182150805571e-05,3,0.00011562689582689245,0.00011894729165599453,3.419317837296422,-35.58972040662781,66.05354563671712,inconclusive,3.3203958291020777e-06,-5.083731172240984e-05,5.747810338061399e-05
networkx,networkx/1000/Subgraph by attribute,seconds,primary,3,7.190348959203637e-05,7.040636980211919e-05,-2.228749185069839,-11.825007578119363,8.41188894215159,inconclusive,-1.4971197899171784e-06,-8.893156368648496e-06,5.898916788814139e-06,3,6.75184948093488e-05,7.38356875042238e-05,8.264966701390348,-29.77134775832163,66.90200709699734,inconclusive,6.317192694875e-06,-2.396112953624649e-05,3.6595514925996486e-05
networkx,networkx/1000/Expand (depth 2),seconds,primary,3,0.00094451049999833,0.000927071661458001,-0.24299944685231994,-38.38807461359145,61.51839269668361,inconclusive,-1.7438838540329016e-05,-0.0004947035792032372,0.00045982590212257924,3,0.001109394614568752,0.0008135475208253714,-21.188546949049005,-76.62753695015682,165.75055948345715,inconclusive,-0.00029584709374338064,-0.0017171701258069407,0.0011254759383201795
networkx,networkx/1000/Remove nodes,seconds,primary,3,0.0001778296979229784,0.00021447368749131593,20.37210111662186,3.329070620042595,40.226198109438336,regression,3.664398956833755e-05,2.536615875692639e-06,7.075136326098247e-05,3,0.00020512774999540775,0.00020605512500064074,0.857918465621001,-40.153156570438526,69.97253546363676,inconclusive,9.273750052329888e-07,-0.00010828069470513543,0.00011013544471560141
networkx,networkx/1000/Count edges,seconds,primary,3,2.438990622977144e-05,2.4563723960350597e-05,0.8956337538636403,-26.058290515819806,37.67505487240299,inconclusive,1.7381773057915476e-07,-7.5925670025451134e-06,7.940202463703423e-06,3,2.2731520841053527e-05,2.281053127243619e-05,-0.34810719288940384,-39.446631461304285,63.995826816701786,inconclusive,7.90104313826608e-08,-1.1585712250302025e-05,1.1743733113067348e-05
networkx,networkx/1000/Random walks,seconds,primary,3,0.006561833630612036,0.007282279292563069,10.657152619281755,-6.376978768066903,30.79053917168898,inconclusive,0.0007204456619510326,-0.0005822579360727419,0.002023149259974807,3,0.00702521374293142,0.007942517093513929,12.638623503088647,-28.131310303180268,76.53667484676556,inconclusive,0.0009173033505825093,-0.0026542389126204915,0.00448884561378551
networkx,networkx/1000/Serialize to JSON string,seconds,primary,3,0.0035647051258027693,0.003398557602861451,-4.788663164257008,-24.548316762247413,20.1457445751654,inconclusive,-0.00016614752294131846,-0.0009699676557045885,0.0006376726098219516,3,0.0033297212458438573,0.0036561832433042404,9.811978922616062,-24.328105370066748,59.354682129645944,inconclusive,0.00032646199746038323,-0.0009853643698867402,0.0016382883648075068
networkx,networkx/1000/Load from JSON string,seconds,primary,3,0.00849897024285787,0.008441204974594387,-0.6262812561096195,-15.154139274083839,16.389130742514478,inconclusive,-5.7765268263485055e-05,-0.001385503244441855,0.001269972707914885,3,0.008401723666641677,0.008826522333330493,5.0739114066320115,-7.684702302134857,19.595853922530036,inconclusive,0.00042479866668881694,-0.0006887420546404233,0.001538339388018057
networkx,networkx/20000/Build graph,seconds,primary,3,0.18922331911115484,0.19495518122223782,2.925737371863486,-20.5958930623392,33.41510687676151,inconclusive,0.00573186211108299,-0.04518561543133591,0.056649339653501884,,,,,,,,,,
networkx,networkx/20000/BFS (full),seconds,primary,3,0.05905580055559767,0.0577994325555614,-3.3885996340582225,-62.330390578027206,147.77965112704047,inconclusive,-0.001256368000036268,-0.05721535138131944,0.0547026153812469,,,,,,,,,,
networkx,networkx/20000/BFS (depth 3),seconds,primary,3,0.00021225980728090121,0.00023404982292637064,0.4560841970203797,-76.4243137553367,328.0437374111725,inconclusive,2.1790015645469413e-05,-0.00034351394774815127,0.00038709397903909006,,,,,,,,,,
networkx,networkx/20000/BFS (edge filter),seconds,primary,3,2.171710418134391e-05,1.8862000016402664e-05,-13.138939721680684,-47.656728268818014,44.141616355616534,inconclusive,-2.855104164941243e-06,-1.2536245279119166e-05,6.826036949236678e-06,,,,,,,,,,
networkx,networkx/20000/DFS traversal,seconds,primary,3,0.06226557488894792,0.06651966255554322,5.231853090153964,-23.060728708319157,43.92835698698784,inconclusive,0.004254087666595292,-0.01839104451786867,0.026899219851059256,,,,,,,,,,
networkx,networkx/20000/BFS search,seconds,primary,3,2.444636458420746e-05,2.516390624170602e-05,3.024419702996835,-31.511231571857497,54.97476883783274,inconclusive,7.175416574985624e-07,-1.0077632910784486e-05,1.1512716225781612e-05,,,,,,,,,,
networkx,networkx/20000/Shortest path (unweighted),seconds,primary,3,4.265554687776785e-05,6.711307812423684e-05,53.27702590033662,-32.1922546100133,246.47733136872364,inconclusive,2.445753124646899e-05,-2.9407249680838774e-05,7.832231217377675e-05,,,,,,,,,,
networkx,networkx/20000/Shortest path (Dijkstra),seconds,primary,3,0.00867286418864257,0.010523779827764833,16.83066638379968,-48.117321406793295,163.08211098163875,inconclusive,0.0018509156391222636,-0.007430571597705122,0.01113240287594965,,,,,,,,,,
networkx,networkx/20000/Batch shortest paths,seconds,primary,3,0.13273409177776962,0.1018308660000255,-20.316379120207444,-62.762586885564595,70.51344079680666,inconclusive,-0.030903225777744108,-0.14156271310258858,0.07975626154710036,,,,,,,,,,
networkx,networkx/20000/Loop shortest paths (control),seconds,primary,3,1.96257838666664,1.5435129300000578,-22.341300436747076,-52.10159610868958,25.909699027563654,inconclusive,-0.4190654566665823,-1.210465886489107,0.3723349731559423,,,,,,,,,,
networkx,networkx/20000/Distances from sources,seconds,primary,3,0.12635001055549663,0.11731284088894729,-6.850773031602262,-25.404704867394546,16.318039487419007,inconclusive,-0.009037169666549346,-0.037385695724038194,0.019311356390939505,,,,,,,,,,
networkx,networkx/20000/Project graph,seconds,primary,3,0.010909778594378942,0.011894641451919517,6.880822954865903,-56.38968134250448,161.94512370401986,inconclusive,0.0009848628575405752,-0.009810210006691272,0.011779935721772421,,,,,,,,,,
networkx,networkx/20000/Weakly connected components,seconds,primary,3,0.007746653441203958,0.006376865949112056,-15.758550559182824,-56.197612447180646,62.014497390861514,inconclusive,-0.0013697874920919019,-0.006481516964464,0.003741941980280196,,,,,,,,,,
networkx,networkx/20000/Strongly connected components,seconds,primary,3,0.0070974985933680654,0.006963649544207106,-2.0128196818019255,-19.75223967678462,19.648043360200663,inconclusive,-0.00013384904916095898,-0.0015326366722173963,0.0012649385738954782,,,,,,,,,,
networkx,networkx/20000/PageRank,seconds,primary,3,0.019326458027806994,0.01717724342262137,-11.060703187069414,-37.642481830472555,26.85236279086039,inconclusive,-0.002149214605185625,-0.00840462519167837,0.004106195981307119,,,,,,,,,,
networkx,networkx/20000/Triangles,seconds,primary,3,0.01752365429163119,0.017959908777767295,1.287449199253414,-38.33440151081119,66.36743365249218,inconclusive,0.00043625448613610524,-0.008906986888669586,0.009779495860941798,,,,,,,,,,
networkx,networkx/20000/Core number,seconds,primary,3,0.013865320600012864,0.01315801630738928,-4.861192383398782,-25.999938702891978,22.316016447170067,inconclusive,-0.0007073042926235852,-0.004281147719415657,0.0028665391341684866,,,,,,,,,,
networkx,networkx/20000/Label propagation,seconds,primary,3,0.027312522399961382,0.029628774183330125,8.363335674868459,-3.428146839343562,21.59456543770854,inconclusive,0.0023162517833687454,-0.0012670001174475963,0.0058995036841850874,,,,,,,,,,
networkx,networkx/20000/BFS levels,seconds,primary,3,0.010754773876660247,0.010860598777769771,1.0968480489989236,-7.879104730110474,10.947387728906017,inconclusive,0.00010582490110952354,-0.0009211996988557713,0.0011328495010748184,,,,,,,,,,
networkx,networkx/20000/Betweenness (sampled),seconds,primary,3,0.10251021288879908,0.10403792288889235,1.4835846528171015,-4.195916872986985,7.499780988787538,inconclusive,0.0015277100000932696,-0.0044484422235311055,0.007503862223717645,,,,,,,,,,
networkx,networkx/20000/Similarity,seconds,primary,3,0.02568642613329454,0.02519744713332936,-1.8603057929741393,-9.88931183751066,6.88409749663679,inconclusive,-0.0004889789999651823,-0.0027205122816574994,0.0017425542817271346,,,,,,,,,,
networkx,networkx/20000/Most similar nodes,seconds,primary,3,0.11493838388886009,0.12615066255552343,10.543290000228332,-23.532676634072054,59.80445536974879,inconclusive,0.011212278666663323,-0.03321729799940011,0.05564185533272675,,,,,,,,,,
networkx,networkx/20000/Leiden vs Louvain,seconds,primary,3,0.17421426911108837,0.18810462933333838,7.6420969739685995,-14.716363451791672,35.86218306255704,inconclusive,0.013890360222250014,-0.029762623183275036,0.057543343627775065,,,,,,,,,,
networkx,networkx/20000/Minimum spanning tree,seconds,primary,3,0.02996047216667345,0.02488667696666956,-13.382032441911463,-69.51697792905225,146.12626288928877,inconclusive,-0.005073795200003891,-0.037229639119179356,0.02708204871917157,,,,,,,,,,
networkx,networkx/20000/k shortest paths,seconds,primary,3,0.37801006422217953,0.36158922111106523,-3.1304230427569637,-57.01946972731261,118.32478288054654,inconclusive,-0.016420843111114265,-0.3297514511699059,0.2969097649476774,,,,,,,,,,
networkx,networkx/20000/FastRP embeddings,seconds,primary,3,0.14229087777779467,0.14072013388886262,-0.9138687999365409,-29.93904354023771,40.13598860636365,inconclusive,-0.0015707438889320524,-0.052014574268392566,0.04887308649052846,,,,,,,,,,
networkx,networkx/20000/node2vec walks,seconds,primary,3,0.07024652166670523,0.06477698288886637,-7.1465336964118915,-31.5358588360399,25.931123329859545,inconclusive,-0.005469538777838852,-0.02743335839139895,0.016494280835721246,,,,,,,,,,
networkx,networkx/20000/Grid: Dijkstra,seconds,primary,3,0.026238260724950477,0.032029491333324354,11.265026910519529,-97.11401710201321,4189.6672125238865,inconclusive,0.005791230608373874,-0.10846749855986647,0.12004995977661422,,,,,,,,,,
networkx,networkx/20000/Grid: A* (coordinates),seconds,primary,3,0.0012545496614535523,0.0011863691666545624,-5.274758034147087,-38.34140088985514,45.525062116000136,inconclusive,-6.818049479898984e-05,-0.0005966424426333527,0.00046028145303537304,,,,,,,,,,
networkx,networkx/20000/Grid: A* (precomputed),seconds,primary,3,0.0011134224739658787,0.0011645134062459779,4.408558054205101,-20.367894049308884,36.893867929455496,inconclusive,5.1090932280099345e-05,-0.00026355892525706216,0.0003657407898172609,,,,,,,,,,
networkx,networkx/20000/Subgraph by ids,seconds,primary,3,0.004133381711485526,0.004363427965803652,5.304485106000742,-27.33137235061015,52.597275359899264,inconclusive,0.00023004625431812583,-0.0013285763283490222,0.0017886688369852738,,,,,,,,,,
networkx,networkx/20000/Subgraph by attribute,seconds,primary,3,0.0020581354918321098,0.0023303924786407665,12.93596743291724,-33.442962038264334,91.63311845911258,inconclusive,0.0002722569868086569,-0.0008650193808284528,0.0014095333544457667,,,,,,,,,,
networkx,networkx/20000/Expand (depth 2),seconds,primary,3,0.003630706689547221,0.006007328542956595,57.39508176253858,-35.77349516054978,285.7163304302932,inconclusive,0.0023766218534093738,-0.00336143734024476,0.008114681047063508,,,,,,,,,,
networkx,networkx/20000/Remove nodes,seconds,primary,3,0.011168114679257928,0.011875385027808695,6.088548323268748,-36.789483989484395,78.05233678943864,inconclusive,0.0007072703485507663,-0.005328173495022263,0.006742714192123796,,,,,,,,,,
networkx,networkx/20000/Count edges,seconds,primary,3,0.0007407447499912697,0.0009885586927123786,27.980663728995577,-44.84769365603471,196.97851956297055,inconclusive,0.000247813942721109,-0.0006555043749020193,0.0011511322603442373,,,,,,,,,,
networkx,networkx/20000/Random walks,seconds,primary,3,0.020519682793584643,0.03233996213332123,51.99515015574263,-45.006030248118336,320.09198054076234,inconclusive,0.011820279339736584,-0.0203240612045855,0.04396461988405866,,,,,,,,,,
networkx,networkx/20000/Serialize to JSON string,seconds,primary,3,0.19396429777781224,0.24467996733329123,20.24168452670706,-63.893558986378984,300.4289066420558,inconclusive,0.05071566955547901,-0.2508605128249844,0.3522918519359424,,,,,,,,,,
networkx,networkx/20000/Load from JSON string,seconds,primary,3,0.3191593967777256,0.2939774445555183,-6.210427196004374,-40.10086560352079,46.85494298683957,inconclusive,-0.025181952222207354,-0.18073541065046586,0.13037150620605117,,,,,,,,,,
